username,creditCard,rewardPoint
Emma,Cash,2215
Olivia,Cash,206
Ava,Cash,1438
Isabella,Cash,1753
Sophia,Visa,2084
Mia,Cash,20
Charlotte,Visa,1814
Amelia,Visa,445
Evelyn,Visa,782
Abigail,Mastercard,2605
Harper,Mastercard,2328
Emily,Mastercard,778
Elizabeth,Visa,1307
Avery,Visa,1530
Sofia,Cash,1758
Ella,Visa,1566
Madison,Cash,5
Scarlett,Cash,492
Victoria,Visa,2361
Aria,Cash,2622
Grace,Mastercard,1974
Chloe,Mastercard,2540
Camila,Visa,674
Penelope,Visa,461
Riley,Cash,54
Layla,Visa,2209
Lillian,Cash,2835
Nora,Cash,250
Zoey,Cash,452
Mila,Cash,2193
Aubrey,Cash,548
Hannah,Cash,2673
Lily,Cash,142
Addison,Visa,1301
Eleanor,Visa,483
Natalie,Cash,1146
Luna,Cash,2624
Savannah,Cash,2002
Brooklyn,Mastercard,2292
Leah,Mastercard,356
Zoe,Visa,745
Stella,Mastercard,455
Hazel,Cash,1695
Ellie,Mastercard,2020
Paisley,Mastercard,2617
Audrey,Visa,1130
Skylar,Mastercard,2437
Violet,Visa,2892
Claire,Mastercard,143
Bella,Cash,2169
Aurora,Visa,258
Lucy,Mastercard,2822
Anna,Mastercard,1525
Samantha,Cash,2736
Caroline,Cash,1685
Genesis,Cash,1113
Aaliyah,Visa,2060
Kennedy,Mastercard,858
Kinsley,Mastercard,1431
Allison,Cash,2253
Maya,Visa,2090
Sarah,Cash,586
Madelyn,Cash,2577
Adeline,Cash,2004
Alexa,Mastercard,1290
Ariana,Visa,2605
Elena,Cash,2332
Gabriella,Visa,1522
Naomi,Visa,745
Alice,Mastercard,342
Sadie,Cash,621
Hailey,Cash,1689
Eva,Mastercard,1064
Emilia,Cash,2970
Autumn,Cash,2434
Quinn,Mastercard,1074
Nevaeh,Cash,1135
Piper,Cash,2103
Ruby,Visa,1161
Serenity,Cash,671
Willow,Mastercard,2576
Everly,Cash,2533
Cora,Visa,2540
Kaylee,Mastercard,1130
Lydia,Mastercard,951
Aubree,Cash,878
Arianna,Visa,2914
Eliana,Visa,1680
Peyton,Mastercard,2280
Melanie,Cash,2699
Gianna,Visa,2083
Isabelle,Mastercard,102
Julia,Visa,2938
Valentina,Mastercard,970
Nova,Mastercard,1692
Clara,Visa,1447
Vivian,Mastercard,1402
Reagan,Mastercard,1503
Mackenzie,Mastercard,1756
Madeline,Mastercard,1919
Brielle,Cash,891
Delilah,Visa,1840
Isla,Visa,2244
Rylee,Mastercard,1654
Katherine,Mastercard,909
Sophie,Visa,715
Josephine,Visa,1571
Ivy,Cash,2667
Liliana,Mastercard,1970
Jade,Visa,1699
Maria,Mastercard,1275
Taylor,Visa,635
Hadley,Cash,2086
Kylie,Visa,1054
Emery,Mastercard,1744
Adalynn,Mastercard,2921
Natalia,Mastercard,2223
Annabelle,Visa,2261
Faith,Visa,201
Alexandra,Cash,940
Ximena,Visa,1056
Ashley,Visa,1974
Brianna,Cash,1429
Raelynn,Visa,1808
Bailey,Cash,1923
Mary,Cash,2885
Athena,Cash,1710
Andrea,Mastercard,673
Leilani,Cash,594
Jasmine,Mastercard,1388
Lyla,Cash,1691
Margaret,Cash,2640
Alyssa,Cash,1287
Adalyn,Mastercard,2038
Arya,Cash,851
Norah,Cash,125
Khloe,Visa,31
Kayla,Mastercard,1946
Eden,Cash,753
Eliza,Cash,135
Rose,Cash,1595
Ariel,Visa,1953
Melody,Visa,2143
Alexis,Visa,1664
Isabel,Mastercard,1648
Sydney,Visa,2343
Juliana,Cash,925
Lauren,Visa,856
Iris,Cash,1559
Emerson,Cash,1556
London,Visa,2048
Morgan,Cash,2711
Lilly,Mastercard,1409
Charlie,Visa,75
Aliyah,Cash,696
Valeria,Mastercard,2929
Arabella,Mastercard,2868
Sara,Visa,1839
Finley,Mastercard,2873
Trinity,Visa,1594
Ryleigh,Mastercard,367
Jordyn,Mastercard,1634
Jocelyn,Visa,773
Kimberly,Cash,2545
Esther,Visa,1874
Molly,Mastercard,1755
Valerie,Visa,766
Cecilia,Mastercard,2403
Anastasia,Cash,1011
Daisy,Cash,834
Reese,Mastercard,557
Laila,Mastercard,1015
Mya,Visa,2416
Amy,Mastercard,281
Teagan,Visa,1820
Amaya,Cash,566
Elise,Visa,745
Harmony,Cash,2432
Paige,Visa,2439
Adaline,Visa,1426
Fiona,Visa,2193
Alaina,Visa,2773
Nicole,Cash,2103
Genevieve,Visa,1259
Lucia,Visa,334
Alina,Cash,565
Mckenzie,Visa,2701
Callie,Mastercard,2816
Payton,Mastercard,2324
Eloise,Mastercard,1250
Brooke,Cash,2553
Londyn,Cash,2635
Mariah,Visa,505
Julianna,Visa,798
Rachel,Mastercard,1384
Daniela,Mastercard,1463
Gracie,Visa,1495
Catherine,Mastercard,1486
Angelina,Visa,2196
Presley,Cash,2932
Josie,Visa,75
Harley,Visa,2900
Adelyn,Mastercard,39
Vanessa,Cash,2727
Makayla,Mastercard,1289
Parker,Mastercard,259
Juliette,Mastercard,1823
Amara,Mastercard,2077
Marley,Cash,172
Lila,Mastercard,2388
Ana,Visa,2631
Rowan,Cash,296
Alana,Cash,2844
Michelle,Mastercard,2591
Malia,Visa,157
Rebecca,Visa,806
Brooklynn,Mastercard,133
Brynlee,Cash,1596
Summer,Visa,1780
Sloane,Cash,374
Leila,Cash,893
Sienna,Mastercard,1609
Adriana,Mastercard,1283
Sawyer,Mastercard,984
Kendall,Mastercard,2656
Juliet,Visa,441
Destiny,Mastercard,2418
Alayna,Mastercard,2058
Elliana,Cash,2591
Diana,Visa,72
Hayden,Mastercard,2637
Ayla,Mastercard,453
Dakota,Cash,937
Angela,Mastercard,447
Noelle,Mastercard,1212
Rosalie,Mastercard,2288
Joanna,Cash,2461
Jayla,Visa,796
Alivia,Mastercard,1471
Lola,Mastercard,1458
Emersyn,Mastercard,2695
Georgia,Cash,618
Selena,Mastercard,1544
June,Visa,2564
Daleyza,Cash,2434
Tessa,Mastercard,5
Maggie,Mastercard,1893
Jessica,Visa,1711
Remi,Mastercard,2983
Delaney,Cash,1594
Camille,Visa,2011
Vivienne,Visa,41
Hope,Mastercard,2093
Mckenna,Visa,1765
Gemma,Mastercard,151
Olive,Visa,1302
Alexandria,Cash,392
Blakely,Cash,289
Izabella,Visa,267
Catalina,Visa,2109
Raegan,Visa,2570
Journee,Mastercard,347
Gabrielle,Mastercard,1434
Lucille,Cash,2668
Ruth,Visa,2313
Amiyah,Cash,622
Evangeline,Visa,1430
Blake,Cash,586
Thea,Visa,2465
Amina,Mastercard,1762
Giselle,Mastercard,2557
Lilah,Mastercard,2553
Melissa,Mastercard,1229
River,Cash,2952
Kate,Cash,1590
Adelaide,Cash,2377
Charlee,Visa,541
Vera,Mastercard,1535
Leia,Cash,6
Gabriela,Cash,1057
Zara,Cash,2763
Jane,Visa,1582
Journey,Visa,2922
Elaina,Mastercard,480
Miriam,Mastercard,208
Briella,Mastercard,1703
Stephanie,Visa,740
Cali,Mastercard,1711
Ember,Mastercard,1045
Lilliana,Visa,1103
Aniyah,Cash,2605
Logan,Visa,2425
Kamila,Visa,2025
Brynn,Cash,1483
Ariella,Cash,1183
Makenzie,Mastercard,1455
Annie,Cash,806
Mariana,Visa,852
Kali,Mastercard,1772
Haven,Cash,2216
Elsie,Cash,1516
Nyla,Mastercard,2562
Paris,Mastercard,2657
Lena,Mastercard,2867
Freya,Visa,2590
Adelynn,Visa,1036
Lyric,Mastercard,2328
Camilla,Mastercard,2307
Sage,Mastercard,121
Jennifer,Mastercard,2292
Paislee,Cash,932
Talia,Cash,1303
Alessandra,Visa,542
Juniper,Mastercard,655
Fatima,Mastercard,253
Raelyn,Visa,1501
Amira,Cash,1749
Arielle,Visa,2693
Phoebe,Cash,228
Kinley,Visa,509
Ada,Mastercard,859
Nina,Cash,2009
Ariah,Cash,2661
Samara,Visa,1390
Myla,Visa,1461
Brinley,Visa,130
Cassidy,Mastercard,112
Maci,Cash,2323
Aspen,Cash,2243
Allie,Cash,73
Keira,Mastercard,2138
Kaia,Cash,2010
Makenna,Mastercard,1015
Amanda,Cash,1848
Heaven,Cash,2507
Joy,Visa,443
Lia,Visa,638
Madilyn,Cash,2441
Gracelyn,Mastercard,924
Laura,Cash,103
Evelynn,Visa,727
Lexi,Visa,1321
Haley,Mastercard,969
Miranda,Mastercard,1686
Kaitlyn,Cash,1597
Daniella,Cash,2907
Felicity,Visa,2764
Jacqueline,Mastercard,693
Evie,Cash,76
Angel,Cash,2534
Danielle,Cash,1844
Ainsley,Cash,1486
Dylan,Mastercard,1803
Kiara,Mastercard,1528
Millie,Mastercard,1223
Jordan,Mastercard,1397
Maddison,Mastercard,1461
Rylie,Cash,187
Alicia,Visa,1672
Maeve,Visa,268
Margot,Visa,1476
Kylee,Mastercard,1479
Phoenix,Visa,1504
Heidi,Mastercard,293
Zuri,Visa,1118
Alondra,Cash,1804
Lana,Mastercard,2449
Madeleine,Mastercard,801
Gracelynn,Cash,298
Kenzie,Mastercard,2163
Miracle,Visa,1193
Shelby,Cash,1615
Elle,Visa,2923
Adrianna,Cash,582
Bianca,Cash,806
Addilyn,Mastercard,706
Kira,Mastercard,198
Veronica,Cash,1110
Gwendolyn,Mastercard,2575
Esmeralda,Mastercard,2160
Chelsea,Mastercard,632
Alison,Visa,460
Skyler,Visa,2411
Magnolia,Mastercard,602
Daphne,Visa,2639
Jenna,Cash,1678
Everleigh,Visa,2841
Kyla,Cash,2470
Braelynn,Cash,1570
Harlow,Mastercard,600
Annalise,Cash,622
Mikayla,Cash,1117
Dahlia,Visa,177
Maliyah,Cash,1929
Averie,Cash,2496
Scarlet,Visa,2215
Kayleigh,Cash,1480
Luciana,Visa,911
Kelsey,Visa,961
Nadia,Visa,534
Amber,Mastercard,1837
Gia,Cash,1961
Kamryn,Visa,1273
Yaretzi,Visa,1191
Carmen,Mastercard,870
Jimena,Visa,1953
Erin,Visa,353
Christina,Mastercard,1274
Katie,Mastercard,2024
Ryan,Mastercard,1271
Viviana,Mastercard,2014
Alexia,Mastercard,1471
Anaya,Visa,116
Serena,Visa,2387
Katelyn,Cash,582
Ophelia,Mastercard,2801
Regina,Mastercard,881
Helen,Mastercard,2138
Remington,Mastercard,887
Camryn,Visa,1009
Cadence,Cash,2321
Royalty,Cash,805
Amari,Visa,2608
Kathryn,Mastercard,2088
Skye,Cash,1530
Emely,Cash,1902
Jada,Visa,2267
Ariyah,Visa,1484
Aylin,Mastercard,2427
Saylor,Visa,2618
Kendra,Mastercard,811
Cheyenne,Cash,597
Fernanda,Mastercard,209
Sabrina,Visa,469
Francesca,Mastercard,80
Eve,Mastercard,493
Mckinley,Mastercard,1651
Frances,Visa,1691
Sarai,Cash,1575
Carolina,Cash,2879
Kennedi,Visa,601
Nylah,Visa,328
Tatum,Visa,1960
Alani,Visa,361
Lennon,Mastercard,522
Raven,Mastercard,1703
Zariah,Mastercard,781
Leslie,Mastercard,2202
Winter,Cash,2303
Abby,Cash,2744
Mabel,Visa,1025
Sierra,Visa,1560
April,Cash,128
Willa,Mastercard,2556
Carly,Mastercard,2209
Jolene,Mastercard,1007
Rosemary,Cash,2526
Aviana,Mastercard,1057
Madelynn,Visa,1512
Selah,Mastercard,2831
Renata,Visa,1422
Lorelei,Mastercard,294
Briana,Mastercard,2879
Celeste,Visa,2164
Wren,Mastercard,1759
Charleigh,Cash,2021
Leighton,Mastercard,2103
Annabella,Mastercard,2847
Jayleen,Visa,2665
Braelyn,Mastercard,813
Ashlyn,Visa,85
Jazlyn,Visa,951
Mira,Mastercard,608
Oakley,Cash,1606
Malaysia,Mastercard,1265
Edith,Cash,2465
Avianna,Mastercard,2859
Maryam,Visa,1989
Emmalyn,Cash,2375
Hattie,Visa,2085
Kensley,Mastercard,1992
Macie,Cash,1448
Bristol,Mastercard,451
Marlee,Cash,252
Demi,Mastercard,355
Cataleya,Cash,1464
Maia,Mastercard,2733
Sylvia,Cash,1834
Itzel,Cash,408
Allyson,Mastercard,1232
Lilith,Visa,109
Melany,Mastercard,2271
Kaydence,Mastercard,1540
Holly,Visa,497
Nayeli,Cash,2724
Meredith,Cash,2660
Nia,Mastercard,2256
Liana,Mastercard,2659
Megan,Mastercard,1535
Justice,Visa,2868
Bethany,Mastercard,2955
Alejandra,Visa,2926
Janelle,Cash,2161
Elisa,Visa,440
Adelina,Mastercard,234
Ashlynn,Visa,1035
Elianna,Mastercard,1516
Aleah,Mastercard,2673
Myra,Mastercard,1845
Lainey,Mastercard,2658
Blair,Mastercard,101
Kassidy,Cash,2881
Charley,Mastercard,2602
Virginia,Visa,1848
Kara,Visa,122
Helena,Visa,2372
Sasha,Visa,869
Julie,Cash,1444
Michaela,Cash,1510
Carter,Cash,1843
Matilda,Visa,2481
Kehlani,Visa,2609
Henley,Cash,641
Maisie,Mastercard,849
Hallie,Visa,2167
Jazmin,Cash,2193
Priscilla,Visa,1057
Marilyn,Visa,1973
Cecelia,Mastercard,706
Danna,Mastercard,2946
Colette,Visa,420
Baylee,Cash,1197
Elliott,Visa,347
Ivanna,Cash,63
Cameron,Mastercard,628
Celine,Cash,43
Alayah,Visa,2431
Hanna,Cash,1190
Imani,Cash,1211
Angelica,Mastercard,1784
Emelia,Mastercard,1847
Kalani,Cash,2044
Alanna,Visa,2986
Lorelai,Visa,894
Macy,Visa,2826
Karina,Cash,622
Addyson,Mastercard,1339
Aleena,Visa,812
Aisha,Cash,1960
Johanna,Mastercard,394
Mallory,Cash,836
Leona,Cash,225
Mariam,Mastercard,1854
Kynlee,Mastercard,1360
Madilynn,Visa,1918
Karen,Cash,313
Karla,Cash,586
Skyla,Mastercard,653
Beatrice,Visa,155
Dayana,Visa,303
Gloria,Mastercard,425
Milani,Cash,297
Savanna,Mastercard,1139
Karsyn,Visa,1048
Rory,Visa,1008
Giuliana,Visa,2447
Lauryn,Mastercard,926
Liberty,Mastercard,2007
Galilea,Cash,2023
Aubrie,Mastercard,271
Charli,Mastercard,470
Kyleigh,Mastercard,1129
Brylee,Mastercard,1665
Jillian,Cash,1536
Anne,Visa,2508
Haylee,Visa,2734
Dallas,Mastercard,92
Azalea,Mastercard,2865
Jayda,Visa,2558
Tiffany,Cash,1891
Avah,Mastercard,879
Shiloh,Cash,863
Bailee,Mastercard,2205
Jazmine,Visa,1572
Esme,Mastercard,94
Coraline,Mastercard,1680
Madisyn,Cash,1044
Elaine,Cash,1315
Lilian,Cash,1022
Kyra,Visa,2071
Kaliyah,Cash,2710
Kora,Mastercard,2313
Octavia,Cash,1006
Irene,Mastercard,1918
Kelly,Mastercard,732
Lacey,Visa,2610
Laurel,Cash,1376
Adley,Mastercard,2800
Anika,Cash,2638
Janiyah,Cash,1205
Dorothy,Cash,1660
Sutton,Visa,6
Julieta,Mastercard,1671
Kimber,Cash,1877
Remy,Mastercard,419
Cassandra,Visa,2024
Rebekah,Mastercard,2442
Collins,Visa,1223
Elliot,Cash,1581
Emmy,Cash,287
Sloan,Cash,1460
Hayley,Cash,1547
Amalia,Mastercard,1251
Jemma,Cash,904
Jamie,Mastercard,2562
Melina,Visa,2992
Leyla,Mastercard,1409
Jaylah,Mastercard,2596
Anahi,Cash,1049
Jaliyah,Cash,133
Kailani,Cash,2389
Harlee,Cash,2097
Wynter,Visa,1824
Saige,Cash,1954
Alessia,Mastercard,2970
Monica,Mastercard,2282
Anya,Mastercard,988
Antonella,Visa,2718
Emberly,Visa,1361
Khaleesi,Cash,228
Ivory,Mastercard,1670
Greta,Visa,1408
Maren,Cash,1045
Alena,Mastercard,667
Emory,Mastercard,1499
Alaia,Cash,2585
Cynthia,Mastercard,2560
Addisyn,Visa,1937
Alia,Mastercard,656
Lylah,Cash,2959
Angie,Cash,213
Ariya,Mastercard,2032
Alma,Visa,519
Crystal,Visa,719
Jayde,Visa,2822
Aileen,Mastercard,2789
Kinslee,Mastercard,2760
Siena,Mastercard,254
Zelda,Cash,1966
Katalina,Mastercard,466
Marie,Visa,1148
Pearl,Visa,178
Reyna,Visa,1072
Mae,Mastercard,2438
Zahra,Visa,2122
Kailey,Mastercard,199
Jessie,Visa,2569
Tiana,Mastercard,2631
Amirah,Visa,2155
Madalyn,Mastercard,1227
Alaya,Cash,2677
Lilyana,Mastercard,676
Julissa,Visa,1884
Armani,Visa,2598
Lennox,Cash,1525
Lillie,Cash,1641
Jolie,Visa,2683
Laney,Cash,1252
Roselyn,Visa,2601
Mara,Visa,1309
Joelle,Cash,2960
Rosa,Visa,1405
Kaylani,Mastercard,1929
Bridget,Cash,299
Liv,Mastercard,1746
Oaklyn,Visa,1483
Aurelia,Mastercard,552
Clarissa,Mastercard,1695
Elyse,Cash,2335
Marissa,Mastercard,641
Monroe,Cash,2440
Kori,Mastercard,2288
Elsa,Mastercard,2930
Rosie,Visa,2898
Amelie,Mastercard,122
Aitana,Cash,2979
Aliza,Visa,2444
Eileen,Mastercard,2674
Poppy,Visa,2272
Emmie,Visa,1857
Braylee,Mastercard,2910
Milana,Visa,2298
Addilynn,Visa,1202
Royal,Mastercard,1597
Chaya,Cash,1995
Frida,Cash,2255
Bonnie,Mastercard,2070
Amora,Mastercard,1650
Stevie,Visa,625
Tatiana,Visa,2820
Malaya,Visa,1689
Mina,Visa,1673
Emerie,Cash,1288
Reign,Visa,2985
Zaylee,Visa,513
Annika,Cash,522
Kenia,Visa,1740
Linda,Cash,2866
Kenna,Cash,2854
Faye,Cash,2008
Reina,Visa,1879
Brittany,Cash,1369
Marina,Cash,1134
Astrid,Cash,1835
Kadence,Mastercard,1
Mikaela,Visa,61
Jaelyn,Cash,2915
Briar,Mastercard,299
Kaylie,Visa,1126
Teresa,Visa,206
Bria,Cash,1569
Hadassah,Visa,380
Lilianna,Visa,325
Guadalupe,Visa,1930
Rayna,Mastercard,2937
Chanel,Mastercard,1756
Lyra,Visa,567
Noa,Mastercard,2591
Zariyah,Mastercard,1981
Laylah,Cash,2492
Aubrielle,Cash,1172
Aniya,Cash,702
Livia,Mastercard,1151
Ellen,Visa,2754
Meadow,Visa,88
Amiya,Cash,520
Ellis,Mastercard,1823
Elora,Cash,627
Milan,Visa,2831
Hunter,Cash,1966
Princess,Cash,527
Leanna,Mastercard,2605
Nathalie,Cash,98
Clementine,Cash,2455
Nola,Cash,2052
Tenley,Visa,1179
Simone,Cash,2918
Lina,Mastercard,1572
Marianna,Mastercard,1606
Martha,Mastercard,1092
Sariah,Cash,1531
Louisa,Visa,2253
Noemi,Visa,1389
Emmeline,Cash,648
Kenley,Mastercard,314
Belen,Visa,600
Erika,Mastercard,993
Myah,Visa,2133
Lara,Cash,1338
Amani,Mastercard,1817
Ansley,Cash,459
Everlee,Mastercard,487
Maleah,Visa,882
Salma,Mastercard,1434
Jaelynn,Mastercard,2422
Kiera,Cash,595
Dulce,Mastercard,2305
Nala,Mastercard,1187
Natasha,Cash,1997
Averi,Visa,1175
Mercy,Visa,1567
Penny,Visa,180
Ariadne,Mastercard,2512
Deborah,Visa,576
Elisabeth,Mastercard,581
Zaria,Mastercard,1326
Hana,Visa,1450
Kairi,Mastercard,911
Yareli,Mastercard,2169
Raina,Visa,1036
Ryann,Mastercard,1923
Lexie,Visa,491
Thalia,Mastercard,1359
Karter,Mastercard,482
Annabel,Visa,2394
Christine,Visa,1428
Estella,Mastercard,2745
Keyla,Cash,1932
Adele,Mastercard,640
Aya,Cash,534
Estelle,Mastercard,91
Landry,Visa,2012
Tori,Visa,2396
Perla,Cash,1581
Lailah,Mastercard,2484
Miah,Visa,114
Rylan,Visa,2187
Angelique,Visa,616
Avalynn,Visa,1941
Romina,Mastercard,2892
Ari,Cash,368
Jaycee,Visa,1655
Jaylene,Cash,11
Kai,Cash,1389
Louise,Visa,1100
Mavis,Mastercard,1280
Scarlette,Visa,1334
Belle,Visa,1581
Lea,Cash,1093
Nalani,Visa,1350
Rivka,Visa,2821
Ayleen,Cash,2962
Calliope,Visa,1614
Dalary,Cash,576
Zaniyah,Mastercard,2084
Kaelyn,Mastercard,1759
Sky,Cash,684
Jewel,Visa,1194
Joselyn,Visa,2029
Madalynn,Mastercard,978
Paola,Visa,2156
Giovanna,Visa,1690
Isabela,Visa,876
Karlee,Mastercard,811
Aubriella,Visa,1127
Azariah,Cash,68
Tinley,Mastercard,1374
Dream,Cash,739
Claudia,Cash,2261
Corinne,Visa,1427
Erica,Cash,1917
Milena,Cash,885
Aliana,Mastercard,2692
Kallie,Mastercard,748
Alyson,Visa,1804
Joyce,Visa,725
Tinsley,Visa,496
Whitney,Cash,1589
Emilee,Mastercard,1628
Paisleigh,Cash,1543
Carolyn,Cash,2776
Jaylee,Mastercard,378
Zoie,Visa,1176
Frankie,Visa,2831
Andi,Cash,1080
Judith,Cash,2494
Paula,Visa,1385
Xiomara,Visa,291
Aiyana,Visa,1154
Amia,Visa,2104
Analia,Cash,1158
Audrina,Mastercard,1079
Hadlee,Cash,2488
Rayne,Visa,2136
Amayah,Mastercard,16
Cara,Visa,2074
Celia,Mastercard,732
Lyanna,Visa,652
Opal,Mastercard,733
Amaris,Cash,223
Clare,Cash,2252
Gwen,Visa,1855
Giana,Mastercard,2638
Veda,Mastercard,2543
Alisha,Cash,1286
Davina,Mastercard,1420
Rhea,Visa,2470
Sariyah,Cash,1125
Noor,Cash,133
Danica,Cash,2035
Kathleen,Cash,2546
Lillianna,Visa,2201
Lindsey,Mastercard,1064
Maxine,Visa,1623
Paulina,Cash,1783
Hailee,Visa,746
Harleigh,Visa,1223
Nancy,Visa,2407
Jessa,Mastercard,2064
Raquel,Mastercard,1355
Raylee,Mastercard,2009
Zainab,Visa,2198
Chana,Cash,1190
Lisa,Visa,823
Heavenly,Cash,1143
Oaklynn,Mastercard,1001
Aminah,Cash,1475
Emmalynn,Visa,2611
Patricia,Mastercard,2111
India,Visa,1479
Janessa,Cash,565
Paloma,Cash,1230
Ramona,Visa,346
Sandra,Mastercard,2771
Abril,Mastercard,1181
Emmaline,Mastercard,2949
Itzayana,Cash,1336
Kassandra,Visa,1582
Vienna,Mastercard,91
Marleigh,Cash,2466
Kailyn,Visa,385
Novalee,Mastercard,1702
Rosalyn,Mastercard,1298
Hadleigh,Visa,2684
Luella,Cash,2045
Taliyah,Mastercard,2725
Avalyn,Mastercard,73
Barbara,Visa,208
Iliana,Visa,1846
Jana,Cash,1356
Meilani,Mastercard,849
Aadhya,Visa,2086
Alannah,Mastercard,1038
Blaire,Cash,1080
Brenda,Cash,1974
Casey,Visa,2490
Selene,Cash,99
Lizbeth,Cash,1298
Adrienne,Cash,2870
Annalee,Mastercard,561
Malani,Cash,2050
Aliya,Visa,2281
Miley,Mastercard,1498
Nataly,Mastercard,2680
Bexley,Cash,757
Joslyn,Cash,125
Maliah,Visa,2539
Zion,Cash,342
Breanna,Visa,1320
Melania,Mastercard,628
Estrella,Mastercard,45
Ingrid,Mastercard,1213
Jayden,Visa,355
Kaya,Cash,2309
Kaylin,Visa,2398
Harmoni,Mastercard,2553
Arely,Mastercard,956
Jazlynn,Visa,2626
Kiana,Mastercard,1415
Dana,Mastercard,783
Mylah,Cash,2587
Oaklee,Visa,792
Ailani,Visa,977
Kailee,Visa,1667
Legacy,Cash,877
Marjorie,Visa,2767
Paityn,Cash,2211
Courtney,Cash,2352
Ellianna,Mastercard,647
Jurnee,Cash,2670
Karlie,Cash,1958
Evalyn,Visa,2645
Holland,Visa,1477
Kenya,Visa,2658
Magdalena,Mastercard,476
Carla,Visa,1066
Halle,Visa,2557
Aryanna,Cash,1724
Kaiya,Visa,2424
Kimora,Visa,2177
Naya,Visa,2772
Saoirse,Cash,1728
Susan,Visa,2012
Desiree,Visa,342
Ensley,Mastercard,2598
Renee,Cash,1916
Esperanza,Visa,2511
Treasure,Visa,135
Caylee,Cash,106
Ellison,Cash,990
Kristina,Cash,2962
Adilynn,Cash,870
Anabelle,Mastercard,328
Egypt,Visa,1371
Spencer,Mastercard,1345
Tegan,Mastercard,695
Aranza,Visa,609
Vada,Mastercard,1338
Emerald,Visa,2568
Florence,Visa,2855
Marlowe,Visa,1274
Micah,Visa,1840
Sonia,Cash,2700
Sunny,Mastercard,2710
Tara,Visa,2245
Riya,Cash,2165
Yara,Visa,2750
Alisa,Cash,674
Nathalia,Cash,316
Yamileth,Visa,1175
Saanvi,Cash,1514
Samira,Mastercard,2303
Sylvie,Mastercard,861
Brenna,Visa,2325
Carlee,Visa,2763
Jenny,Cash,990
Miya,Visa,940
Monserrat,Visa,2124
Zendaya,Mastercard,134
Alora,Visa,790
Liam,Visa,160
Noah,Mastercard,8
William,Cash,563
James,Visa,1855
Logana,Cash,2120
Benjamin,Cash,1288
Mason,Mastercard,2982
Elijah,Mastercard,2503
Oliver,Mastercard,1063
Jacob,Cash,2313
Lucas,Visa,2150
Michael,Cash,2453
Alexander,Visa,2904
Ethan,Visa,443
Daniel,Visa,881
Matthew,Mastercard,1593
Aiden,Cash,448
Henry,Mastercard,1771
Joseph,Cash,669
Jackson,Mastercard,384
Samuel,Cash,99
Sebastian,Cash,249
David,Cash,2694
Cartera,Visa,2841
Wyatt,Cash,620
Jaydena,Visa,685
John,Cash,2011
Owen,Mastercard,1544
Dylana,Cash,2970
Luke,Visa,1183
Gabriel,Visa,696
Anthony,Mastercard,1314
Isaac,Mastercard,2782
Grayson,Cash,1787
Jack,Mastercard,2311
Julian,Cash,2668
Levi,Mastercard,908
Christopher,Mastercard,1236
Joshua,Visa,1373
Andrew,Visa,1782
Lincoln,Visa,1630
Mateo,Visa,593
Ryana,Mastercard,752
Jaxon,Visa,501
Nathan,Mastercard,372
Aaron,Mastercard,2136
Isaiah,Mastercard,278
Thomas,Mastercard,2672
Charles,Visa,96
Caleb,Mastercard,34
Josiah,Mastercard,1200
Christian,Visa,202
Huntera,Cash,1314
Eli,Visa,1951
Jonathan,Cash,975
Connor,Cash,1559
Landon,Cash,973
Adrian,Cash,1223
Asher,Visa,891
Camerona,Visa,2820
Leo,Cash,2691
Theodore,Visa,1157
Jeremiah,Visa,2384
Hudson,Cash,2552
Robert,Cash,1594
Easton,Cash,1475
Nolan,Mastercard,44
Nicholas,Mastercard,1981
Ezra,Mastercard,1166
Colton,Mastercard,2840
Angelae,Visa,1853
Brayden,Visa,1387
Jordana,Mastercard,273
Dominic,Mastercard,737
Austin,Visa,1266
Ian,Cash,21
Adam,Visa,2233
Elias,Visa,1995
Jaxson,Mastercard,2972
Greyson,Mastercard,2919
Jose,Cash,871
Ezekiel,Visa,2629
Carson,Mastercard,1470
Evan,Cash,1863
Maverick,Visa,2461
Bryson,Mastercard,1200
Jace,Mastercard,134
Cooper,Visa,2799
Xavier,Mastercard,2601
Parkera,Mastercard,1492
Roman,Cash,2525
Jason,Mastercard,401
Santiago,Cash,1745
Chase,Cash,2681
Sawyera,Mastercard,2993
Gavin,Cash,39
Leonardo,Visa,1361
Kayden,Visa,2157
Ayden,Cash,56
Jameson,Cash,466
Kevin,Cash,336
Bentley,Visa,1087
Zachary,Mastercard,178
Everett,Visa,1330
Axel,Visa,1356
Tyler,Cash,559
Micaha,Mastercard,1552
Vincent,Mastercard,315
Weston,Visa,2778
Miles,Visa,2746
Wesley,Mastercard,555
Nathaniel,Cash,536
Harrison,Visa,300
Brandon,Mastercard,1550
Cole,Mastercard,1286
Declan,Mastercard,2657
Luis,Cash,842
Braxton,Cash,785
Damian,Visa,2440
Silas,Mastercard,1686
Tristan,Mastercard,241
Ryder,Mastercard,2537
Bennett,Cash,1421
George,Cash,488
Emmett,Cash,826
Justin,Mastercard,149
Kaiae,Cash,2910
Max,Visa,1401
Diego,Mastercard,2729
Luca,Mastercard,2972
Ryker,Cash,2524
Carlos,Visa,1332
Maxwell,Cash,2082
Kingston,Visa,488
Ivan,Mastercard,665
Maddox,Visa,987
Juan,Cash,1626
Ashton,Mastercard,2099
Jayce,Visa,1973
Rowana,Mastercard,2826
Kaiden,Visa,1531
Giovanni,Cash,1573
Eric,Mastercard,1748
Jesus,Cash,2429
Calvin,Cash,960
Abel,Visa,1878
King,Visa,1861
Camden,Mastercard,2963
Amir,Mastercard,164
Blakea,Visa,1057
Alex,Cash,2410
Brody,Visa,1208
Malachi,Visa,1366
Emmanuel,Cash,1847
Jonah,Cash,2847
Beau,Visa,2359
Jude,Mastercard,1270
Antonio,Cash,1501
Alan,Visa,2629
Elliotta,Mastercard,979
Elliota,Cash,1260
Waylon,Visa,373
Xander,Cash,156
Timothy,Visa,1586
Victor,Mastercard,14
Bryce,Mastercard,1843
Finn,Cash,448
Brantley,Mastercard,36
Edward,Mastercard,801
Abraham,Visa,1751
Patrick,Visa,1093
Grant,Cash,1887
Kartera,Mastercard,581
Haydena,Cash,940
Richard,Mastercard,1036
Miguel,Cash,2365
Joel,Visa,2400
Gael,Cash,2982
Tucker,Mastercard,2997
Rhett,Cash,1963
Averya,Visa,938
Steven,Visa,1782
Graham,Visa,1798
Kaleb,Cash,1609
Jasper,Visa,868
Jesse,Visa,1086
Matteo,Cash,2129
Dean,Cash,454
Zayden,Mastercard,2725
Preston,Cash,32
August,Mastercard,2976
Oscar,Visa,1591
Jeremy,Visa,2590
Alejandro,Visa,797
Marcus,Visa,2609
Dawson,Cash,105
Lorenzo,Visa,1433
Messiah,Visa,2208
Ziona,Cash,646
Maximus,Visa,1220
Rivera,Mastercard,607
Zane,Mastercard,1707
Mark,Visa,418
Brooks,Visa,2914
Nicolas,Cash,246
Paxton,Cash,1538
Judah,Mastercard,1818
Emiliano,Visa,2101
Kaden,Cash,1034
Bryan,Mastercard,1935
Kyle,Mastercard,639
Myles,Cash,1308
Peter,Mastercard,2368
Charliea,Visa,1519
Kyrie,Mastercard,2074
Thiago,Mastercard,2438
Brian,Cash,2841
Kenneth,Cash,1962
Andres,Cash,2860
Lukas,Visa,535
Aidan,Mastercard,2746
Jax,Visa,2146
Caden,Cash,2275
Milo,Cash,2556
Paul,Mastercard,2248
Beckett,Mastercard,819
Brady,Cash,548
Colin,Cash,2433
Omar,Mastercard,364
Bradley,Visa,718
Javier,Mastercard,2637
Knox,Visa,595
Jaden,Visa,2613
Barrett,Visa,1598
Israel,Cash,2404
Matias,Visa,1249
Jorge,Mastercard,1862
Zander,Mastercard,602
Derek,Mastercard,2748
Josue,Visa,702
Cayden,Cash,1466
Holden,Visa,1103
Griffin,Mastercard,1614
Arthur,Visa,1376
Leon,Cash,128
Felix,Mastercard,973
Remingtona,Cash,632
Jake,Cash,2047
Killian,Mastercard,502
Clayton,Visa,1058
Sean,Cash,2758
Adriel,Mastercard,2882
Rileya,Mastercard,599
Archer,Cash,885
Legend,Visa,625
Erick,Cash,2190
Enzo,Visa,621
Corbin,Mastercard,425
Francisco,Visa,776
Dallasa,Mastercard,696
Emilio,Visa,898
Gunner,Visa,2569
Simon,Visa,2228
Andre,Cash,70
Walter,Mastercard,1280
Damien,Visa,1732
Chance,Cash,2993
Phoenixa,Mastercard,764
Colt,Cash,1374
Tanner,Visa,1963
Stephen,Mastercard,1204
Kameron,Mastercard,2991
Tobias,Mastercard,1648
Manuel,Visa,2364
Amaria,Mastercard,2877
Emersona,Cash,1017
Louis,Visa,2974
Cody,Visa,681
Finleya,Cash,2179
Iker,Mastercard,2291
Martin,Cash,2290
Rafael,Cash,1858
Nash,Visa,573
Beckham,Mastercard,690
Cash,Cash,2372
Karson,Cash,2158
Rylana,Cash,713
Reid,Cash,829
Theo,Cash,498
Ace,Visa,1123
Eduardo,Cash,2
Spencera,Mastercard,2413
Raymond,Mastercard,2380
Maximiliano,Visa,365
Anderson,Cash,1914
Ronan,Cash,2458
Lane,Cash,1934
Cristian,Visa,2411
Titus,Mastercard,1151
Travis,Cash,1566
Jett,Cash,1175
Ricardo,Mastercard,1427
Bodhi,Mastercard,556
Gideon,Mastercard,921
Jaiden,Mastercard,577
Fernando,Mastercard,1363
Mario,Visa,2610
Conor,Mastercard,387
Keegan,Mastercard,801
Ali,Cash,1662
Cesar,Visa,2563
Ellisa,Cash,2724
Jayceon,Visa,363
Walker,Visa,2620
Cohen,Visa,624
Arlo,Mastercard,903
Hector,Mastercard,1605
Dante,Visa,1737
Kyler,Cash,1819
Garrett,Cash,2433
Donovan,Mastercard,2138
Seth,Mastercard,1635
Jeffrey,Visa,2026
Tyson,Mastercard,1884
Jase,Mastercard,370
Desmond,Mastercard,299
Caiden,Cash,1409
Gage,Cash,1254
Atlas,Visa,2931
Major,Mastercard,1471
Devin,Visa,456
Edwin,Visa,2283
Angelo,Mastercard,720
Orion,Cash,1540
Conner,Visa,2674
Julius,Visa,1037
Marco,Visa,2315
Jensen,Mastercard,1336
Daxton,Visa,2765
Peytona,Cash,246
Zayn,Mastercard,2413
Collin,Mastercard,2868
Jaylen,Cash,1626
Dakotaa,Cash,1705
Prince,Mastercard,2383
Johnny,Cash,1381
Kayson,Cash,513
Cruz,Visa,1573
Hendrix,Visa,1354
Atticus,Cash,333
Troy,Mastercard,2060
Kane,Visa,2209
Edgar,Mastercard,1149
Sergio,Cash,2743
Kash,Visa,1786
Marshall,Visa,0
Johnathan,Cash,2178
Romeo,Visa,584
Shane,Visa,2645
Warren,Visa,673
Joaquin,Cash,1610
Wade,Cash,480
Leonel,Mastercard,2957
Trevor,Cash,1151
Dominick,Cash,2048
Muhammad,Mastercard,1150
Erik,Visa,709
Odin,Cash,1017
Quinna,Visa,1945
Jaxton,Mastercard,1550
Dalton,Mastercard,1320
Nehemiah,Visa,2309
Frank,Visa,2026
Grady,Mastercard,1825
Gregory,Cash,1942
Andy,Visa,997
Solomon,Cash,2228
Malik,Cash,1818
Rorya,Cash,1595
Clark,Mastercard,348
Reed,Mastercard,2783
Harvey,Visa,1969
Zayne,Mastercard,757
Jay,Mastercard,552
Jared,Mastercard,904
Noel,Cash,2986
Shawn,Cash,117
Fabian,Visa,267
Ibrahim,Visa,2041
Adonis,Mastercard,1189
Ismael,Mastercard,1151
Pedro,Visa,527
Leland,Cash,1963
Malakai,Visa,2393
Malcolm,Visa,2788
Alexisa,Cash,2310
Kason,Mastercard,2066
Porter,Visa,1759
Sullivan,Mastercard,591
Raiden,Visa,1095
Allen,Cash,395
Ariae,Mastercard,1386
Russell,Cash,1950
Princeton,Cash,2748
Winston,Visa,1324
Kendrick,Visa,187
Roberto,Mastercard,919
Lennoxa,Mastercard,2996
Hayes,Visa,2739
Finnegan,Mastercard,725
Nasir,Visa,1114
Kade,Visa,1373
Nico,Cash,604
Emanuel,Cash,919
Landen,Cash,645
Moises,Mastercard,1312
Ruben,Cash,2264
Hugo,Visa,1282
Abram,Visa,75
Adan,Mastercard,1103
Khalil,Mastercard,300
Zaiden,Mastercard,364
Augustus,Mastercard,1855
Marcos,Cash,2865
Philip,Cash,471
Phillip,Mastercard,423
Cyrus,Visa,2876
Esteban,Visa,376
Braylen,Cash,2080
Albert,Visa,1310
Bruce,Visa,969
Kamden,Visa,1012
Lawson,Visa,1453
Jamison,Mastercard,790
Sterling,Cash,339
Damon,Mastercard,2823
Gunnar,Mastercard,430
Kyson,Visa,876
Luka,Cash,477
Franklin,Mastercard,868
Ezequiel,Visa,983
Pablo,Mastercard,155
Derrick,Mastercard,2360
Zachariah,Cash,1515
Cade,Visa,2539
Jonas,Cash,2039
Dexter,Mastercard,2332
Kolton,Cash,1377
Remya,Visa,648
Hank,Cash,2726
Tate,Mastercard,2686
Trenton,Visa,1635
Kian,Visa,1063
Drew,Cash,2685
Mohamed,Mastercard,1465
Dax,Mastercard,1949
Rocco,Visa,513
Bowen,Mastercard,1596
Mathias,Mastercard,1729
Ronald,Visa,2288
Francis,Visa,385
Matthias,Cash,1154
Milanae,Cash,393
Maximilian,Cash,2817
Royce,Mastercard,926
Skylera,Visa,1645
Corey,Mastercard,1560
Kasen,Mastercard,769
Drake,Mastercard,1708
Gerardo,Mastercard,2187
Jayson,Mastercard,2232
Sagea,Cash,116
Braylon,Cash,1190
Benson,Visa,1283
Moses,Mastercard,2416
Alijah,Mastercard,2008
Rhys,Visa,2550
Otto,Cash,2226
Oakleya,Cash,773
Armando,Mastercard,2480
Jaime,Mastercard,671
Nixon,Mastercard,854
Saul,Cash,1008
Scott,Visa,2604
Brycen,Mastercard,1299
Ariela,Mastercard,1846
Enrique,Visa,1748
Donald,Cash,1147
Chandler,Mastercard,2937
Asa,Mastercard,2288
Edena,Visa,1113
Davis,Mastercard,2586
Keith,Cash,174
Frederick,Mastercard,2616
Rowen,Cash,1512
Lawrence,Visa,446
Leonidas,Cash,2530
Aden,Cash,2015
Julio,Mastercard,1513
Darius,Mastercard,2699
Johan,Mastercard,2470
Deacon,Cash,1745
Cason,Cash,1349
Danny,Visa,0
Nikolai,Cash,2614
Taylora,Cash,971
Alec,Mastercard,961
Royala,Mastercard,2469
Armania,Visa,2354
Kieran,Mastercard,2651
Luciano,Mastercard,2437
Omari,Mastercard,246
Rodrigo,Visa,1197
Arjun,Cash,2749
Ahmed,Visa,2103
Brendan,Mastercard,2539
Cullen,Mastercard,1420
Raul,Mastercard,15
Raphael,Cash,669
Ronin,Cash,805
Brock,Visa,1787
Pierce,Mastercard,953
Alonzo,Cash,2597
Caseya,Cash,1179
Dillon,Mastercard,1932
Uriel,Mastercard,603
Dustin,Visa,1748
Gianni,Cash,466
Roland,Cash,1803
Landyn,Visa,178
Kobe,Cash,2376
Dorian,Mastercard,1689
Emmitt,Cash,97
Ryland,Visa,2394
Apollo,Mastercard,1778
Aarav,Cash,2044
Roy,Cash,2249
Duke,Cash,1849
Quentin,Mastercard,1053
Sam,Cash,1871
Lewis,Cash,556
Tony,Mastercard,38
Uriah,Mastercard,1026
Dennis,Cash,2769
Moshe,Cash,100
Isaias,Mastercard,372
Braden,Visa,2384
Quinton,Mastercard,85
Cannon,Visa,219
Ayaan,Cash,1843
Mathew,Cash,617
Kellan,Cash,1293
Niko,Mastercard,712
Edison,Cash,2618
Izaiah,Mastercard,1814
Jerry,Cash,683
Gustavo,Visa,1269
Jamari,Mastercard,2925
Marvin,Visa,1295
Mauricio,Visa,1244
Ahmad,Mastercard,1920
Mohammad,Cash,2447
Justicea,Cash,2201
Trey,Mastercard,1438
Elian,Cash,919
Mohammed,Mastercard,1958
Sincere,Mastercard,2168
Yusuf,Cash,2658
Arturo,Visa,829
Callen,Mastercard,2511
Rayan,Mastercard,331
Keaton,Cash,1096
Wilder,Mastercard,2164
Mekhi,Mastercard,2585
Memphis,Cash,1716
Cayson,Mastercard,1849
Conrad,Visa,315
Kaison,Mastercard,2738
Kyree,Cash,2412
Soren,Visa,679
Colby,Mastercard,341
Bryant,Visa,2672
Lucian,Visa,230
Alfredo,Mastercard,2832
Cassius,Visa,1765
Marcelo,Cash,373
Nikolas,Mastercard,2726
Brennan,Visa,1148
Darren,Cash,373
Jasiah,Visa,133
Jimmy,Mastercard,39
Lionel,Mastercard,1521
Reece,Mastercard,1357
Ty,Cash,2336
Chris,Visa,582
Forrest,Mastercard,2570
Korbin,Cash,2688
Tatuma,Mastercard,383
Jalen,Cash,2915
Santino,Mastercard,2527
Case,Cash,2636
Leonard,Cash,2979
Alvin,Visa,401
Issac,Mastercard,1309
Bo,Cash,853
Quincy,Cash,1552
Mack,Cash,387
Samson,Cash,1966
Rex,Cash,1365
Alberto,Visa,1758
Callum,Cash,2438
Curtis,Cash,2635
Hezekiah,Cash,777
Finnley,Cash,1170
Briggs,Mastercard,2191
Kamari,Mastercard,758
Zeke,Cash,730
Raylan,Mastercard,2994
Neil,Mastercard,622
Titan,Visa,2163
Julien,Visa,2291
Kellen,Visa,894
Devon,Visa,294
Kylan,Visa,1605
Roger,Cash,259
Axton,Cash,1850
Carl,Cash,2414
Douglas,Visa,2942
Larry,Mastercard,2129
Crosby,Visa,169
Fletcher,Visa,37
Makai,Visa,304
Nelson,Mastercard,853
Hamza,Cash,2992
Lance,Mastercard,335
Alden,Cash,2510
Gary,Cash,1000
Wilson,Cash,111
Alessandro,Visa,1916
Ares,Mastercard,2351
Kashton,Mastercard,1340
Bruno,Visa,1727
Jakob,Cash,2076
Stetson,Visa,2930
Zain,Visa,1032
Cairo,Cash,491
Nathanael,Visa,1368
Byron,Cash,158
Harry,Cash,1610
Harleya,Cash,1883
Mitchell,Cash,620
Maurice,Mastercard,835
Orlando,Mastercard,456
Kingsley,Mastercard,1137
Kaysen,Visa,2347
Sylas,Mastercard,463
Trent,Mastercard,365
Ramon,Mastercard,22
Boston,Cash,759
Lucca,Cash,2602
Noe,Cash,2894
Jagger,Visa,45
Reyansh,Mastercard,1753
Vihaan,Mastercard,779
Randy,Cash,1605
Thaddeus,Visa,2579
Lennona,Visa,2458
Kannon,Visa,1841
Kohen,Cash,1924
Tristen,Cash,42
Valentino,Visa,536
Maxton,Cash,1881
Salvador,Cash,2100
Abdiel,Cash,2307
Langston,Visa,2974
Rohan,Cash,2119
Kristopher,Visa,1484
Yosef,Mastercard,1880
Rayden,Visa,2261
Lee,Visa,1013
Callan,Mastercard,1477
Tripp,Visa,2125
Deandre,Visa,796
Joe,Visa,672
Morgana,Mastercard,2270
Dariel,Mastercard,101
Colten,Cash,89
Reesea,Mastercard,1569
Jedidiah,Cash,795
Ricky,Cash,259
Bronson,Visa,2189
Terry,Visa,2473
Eddie,Mastercard,1543
Jefferson,Visa,2345
Lachlan,Cash,16
Layne,Cash,125
Clay,Mastercard,2885
Madden,Mastercard,1517
Jamir,Visa,1812
Tomas,Visa,2097
Kareem,Cash,2810
Stanley,Mastercard,1258
Brayan,Mastercard,224
Amos,Visa,1572
Kase,Visa,1858
Kristian,Mastercard,543
Clyde,Cash,2561
Ernesto,Cash,2870
Tommy,Mastercard,1817
Casen,Visa,259
Ford,Cash,1585
Crew,Mastercard,581
Braydon,Visa,28
Brecken,Visa,1186
Hassan,Visa,1805
Axl,Mastercard,389
Boone,Mastercard,2837
Leandro,Cash,1185
Samir,Mastercard,1854
Jaziel,Visa,2556
Magnus,Mastercard,636
Abdullah,Mastercard,1245
Yousef,Cash,582
Branson,Visa,1003
Jadiel,Visa,912
Jaxen,Visa,1097
Layton,Cash,668
Franco,Cash,310
Ben,Mastercard,2626
Grey,Visa,1875
Kelvin,Mastercard,1168
Chaim,Cash,691
Demetrius,Mastercard,1379
Blaine,Cash,725
Ridge,Visa,580
Colson,Mastercard,1001
Melvin,Cash,2470
Anakin,Mastercard,814
Aryan,Cash,1285
Lochlan,Visa,546
Jon,Cash,1149
Canaan,Mastercard,1590
Dash,Cash,1243
Zechariah,Visa,2035
Alonso,Mastercard,854
Otis,Mastercard,2374
Zaire,Cash,1674
Marcel,Cash,677
Brett,Visa,1637
Stefan,Visa,1817
Aldo,Visa,158
Jeffery,Cash,2575
Baylor,Cash,957
Talon,Visa,92
Dominik,Mastercard,894
Flynn,Cash,2893
Carmelo,Cash,1468
Dane,Visa,304
Jamal,Visa,2320
Kole,Visa,254
Enoch,Visa,1007
Graysen,Cash,1383
Kye,Mastercard,1419
Vicente,Mastercard,533
Fisher,Cash,2241
Ray,Cash,279
Fox,Cash,2331
Jamiea,Cash,591
Rey,Cash,2686
Zaid,Visa,1295
Allan,Mastercard,1471
Emerya,Mastercard,337
Gannon,Mastercard,2448
Joziah,Mastercard,1880
Rodney,Cash,1339
Juelz,Mastercard,2404
Sonny,Visa,1058
Terrance,Visa,1847
Zyaire,Visa,1639
Augustine,Visa,2450
Cory,Mastercard,1357
Felipe,Mastercard,2081
Aron,Mastercard,1703
Jacoby,Mastercard,2842
Harlan,Visa,828
Marc,Visa,2732
Bobby,Mastercard,884
Joey,Cash,125
Anson,Cash,2050
Huxley,Visa,254
Marlon,Mastercard,1299
Anders,Visa,2352
Guillermo,Cash,2833
Paytona,Visa,1456
Castiel,Cash,1872
Damari,Visa,1391
Shepherd,Visa,1265
Azariaha,Mastercard,53
Harold,Mastercard,1576
Harpera,Mastercard,1206
Henrik,Cash,1495
Houston,Visa,1752
Kairo,Visa,1682
Willie,Cash,992
Elisha,Mastercard,1192
Ameer,Cash,270
Emorya,Cash,2369
Skylara,Mastercard,733
Suttona,Mastercard,428
Alfonso,Cash,1322
Brentley,Visa,1500
Toby,Visa,672
Blaze,Cash,637
Eugene,Cash,1091
Shiloha,Visa,2287
Wayne,Mastercard,384
Darian,Cash,821
Gordon,Cash,2076
Londona,Mastercard,997
Bodie,Mastercard,380
Jordy,Cash,1674
Jermaine,Cash,247
Denver,Cash,2767
Gerald,Visa,1212
Merrick,Visa,559
Musa,Visa,1590
Vincenzo,Mastercard,1962
Kody,Cash,1112
Yahir,Mastercard,2952
Brodie,Visa,1139
Trace,Visa,950
Darwin,Cash,101
Tadeo,Mastercard,468
Bentlee,Cash,2821
Billy,Mastercard,1156
Hugh,Cash,1580
Reginald,Visa,2965
Vance,Visa,2675
Westin,Visa,2869
Cain,Visa,2613
Arian,Cash,1162
Dayton,Mastercard,535
Javion,Cash,1427
Terrence,Visa,2765
Brysen,Cash,1012
Jaxxon,Cash,808
Thatcher,Mastercard,394
Landrya,Visa,1676
Rene,Mastercard,2234
Westley,Cash,2158
Miller,Cash,861
Alvaro,Visa,348
Cristiano,Cash,1635
Eliseo,Mastercard,681
Ephraim,Cash,1480
Adrien,Cash,291
Jerome,Visa,42
Khalid,Visa,1294
Aydin,Cash,273
Mayson,Visa,1024
Alfred,Visa,490
Duncan,Mastercard,2290
Junior,Visa,1289
Kendalla,Mastercard,2563
Zavier,Cash,2964
Koda,Cash,815
Maison,Visa,2931
Caspian,Cash,2978
Maxim,Visa,2173
Kace,Cash,1201
Zackary,Visa,1951
Rudy,Mastercard,2668
Coleman,Cash,107
Keagan,Mastercard,2869
Kolten,Cash,1392
Maximo,Mastercard,2195
Dario,Visa,1616
Davion,Mastercard,318
Kalel,Mastercard,114
Briara,Cash,1543
Jairo,Cash,1942
Misael,Cash,2916
Rogelio,Mastercard,1362
Terrell,Mastercard,2774
Heath,Mastercard,725
Micheal,Visa,2996
Wesson,Cash,2572
Aaden,Visa,1918
Brixton,Mastercard,94
Draven,Cash,2228
Xzavier,Cash,1269
Darrell,Cash,2523
Keanu,Mastercard,361
Ronnie,Mastercard,2598
Konnor,Mastercard,1411
Will,Visa,435
Dangelo,Visa,2734
Frankiea,Visa,1712
Kamryna,Mastercard,2729
Salvatore,Cash,800
Santana,Mastercard,845
Shaun,Visa,2524
Coen,Visa,2532
Leightona,Mastercard,2775
Mustafa,Visa,2206
Reuben,Mastercard,2696
Ayan,Visa,996
Blaise,Cash,2903
Dimitri,Mastercard,2547
Keenan,Visa,811
Van,Cash,2024
Achilles,Mastercard,833
Channing,Visa,34
Ishaan,Mastercard,2562
Wells,Cash,2374
Benton,Visa,2024
Lamar,Mastercard,1211
Novaa,Visa,1557
Yahya,Mastercard,2377
Dilan,Cash,1683
Gibson,Cash,2221
Camdyn,Visa,1505
Ulises,Visa,2326
Alexzander,Mastercard,162
Valentin,Mastercard,595
Shepard,Visa,1524
Alistair,Cash,2996
Eason,Visa,598
Kaiser,Visa,1882
Leroy,Visa,2419
Zayd,Visa,413
Camilo,Mastercard,2756
Markus,Mastercard,2305
Foster,Mastercard,2331
Davian,Visa,1882
Dwayne,Visa,408
Jabari,Mastercard,1578
Judson,Mastercard,1675
Koa,Visa,1693
Yehuda,Visa,2775
Lyrica,Mastercard,2147
Tristian,Mastercard,174
Agustin,Visa,2685
Bridger,Visa,2489
Vivaan,Mastercard,1563
Brayson,Cash,133
Emmet,Visa,2053
Marleya,Visa,2954
Mike,Visa,2404
Nickolas,Mastercard,559
Kenny,Visa,744
Leif,Cash,90
Bjorn,Mastercard,1561
Ignacio,Mastercard,1193
Rocky,Visa,491
Chad,Mastercard,1044
Gatlin,Cash,1802
Greysen,Cash,1801
Kyng,Mastercard,885
Randall,Visa,209
Reigna,Cash,668
Vaughn,Cash,670
Jessiea,Cash,527
Louie,Visa,406
Shmuel,Mastercard,187
Zahir,Mastercard,2565
Ernest,Cash,148
Javon,Visa,1698
Khari,Cash,1121
Reagana,Mastercard,1529
Avi,Cash,899
Ira,Mastercard,1847
Ledger,Visa,988
Simeon,Visa,2885
Yadiel,Cash,1968
Maddux,Cash,426
Seamus,Cash,760
Jad,Mastercard,873
Jeremias,Mastercard,526
Kylen,Visa,64
Rashad,Visa,1140
Santos,Cash,1037
Cedric,Mastercard,1921
Craig,Visa,1210
Dominique,Mastercard,1318
Gianluca,Visa,2506
Jovanni,Visa,1858
Bishop,Mastercard,2372
Brenden,Visa,553
Anton,Visa,1359
Camron,Mastercard,647
Giancarlo,Cash,883
Lyle,Cash,1973
Alaric,Cash,726
Decker,Visa,2854
Eliezer,Mastercard,2859
Ramiro,Cash,1850
Yisroel,Cash,733
Howard,Mastercard,2630
Jaxx,Visa,2063
