username,hashedPassword,phoneNumber,firstName,lastName,joindate
Emma,$2b$12$83G0xL.gZs6CRUeFtmFxGetciYKvLzPQpWfShbX4uekEs6tuPscuS,customer,customer,123456,2020-04-14
Olivia,$2b$12$u9WChUCeka7TDBt68hHVUOcwvLA4Lh0KsWgnDnML4/jNKdBAalOa6,customer,customer,246912,2020-04-14
Ava,$2b$12$gzL4CId1Q8Bp33YhTLoDzuHjHLa13.WoRMHjlN7zA8flei2pfzr5e,customer,customer,370368,2020-04-14
Isabella,$2b$12$5HWeYECwds3ZRmGW1LJyVeP/jLuIB9pOk/HpMEMGnKmZkfLsTqvHC,customer,customer,493824,2020-04-14
Sophia,$2b$12$26h7A0iSFk4kYfI8L6A3h.P4hIElB1P3YVpUZasq3wCIzAcCeWQuq,customer,customer,617280,2020-04-14
Mia,$2b$12$/OYG6uYMwcwCzvIJ17OMuuXOLY76.2zVolnfHwkxpZKiMjb7tPEWq,customer,customer,740736,2020-04-14
Charlotte,$2b$12$o/xGq7R/dWHd5tTA5IhJAucIFkC7qwt.zSxD4./skjcxDnSwUemye,customer,customer,864192,2020-04-14
Amelia,$2b$12$tcYFeidCI0SQG54ecDjwGeAWxcamOc819iFeh/AzRED6f6wCkRsAi,customer,customer,987648,2020-04-14
Evelyn,$2b$12$dtY1SUw6FeIfsj7AG5Z1r.FHL9ZtztNdNHz/gdQQGFOhmvBDpb74W,customer,customer,1111104,2020-04-14
Abigail,$2b$12$PV7uWxNzVbRx2IJWxmzvfe1AHycf1qz.BE7ioDfLEupYZNtGmC51K,customer,customer,1234560,2020-04-14
Harper,$2b$12$ENvvbPqt/KUmqNzuulkGmOS.omldS1Yqa8MaFyr2oXzA60KnrIOSy,customer,customer,1358016,2020-04-14
Emily,$2b$12$hcJmgQBRY0./smbRFrUVLOytZdeGZidDjrX8l2LcvzYbcWOYiQSU2,customer,customer,1481472,2020-04-14
Elizabeth,$2b$12$VlXO.IhDjJnh/KBpcGVMx.BCkdMlnBlNl9HZfcHciT0e2wuZLuoAO,customer,customer,1604928,2020-04-14
Avery,$2b$12$gMSY0y1mVXnPIvw.YuzovOeUvZcBU0D.lECBSAnWJYmfowp1WaXM.,customer,customer,1728384,2020-04-14
Sofia,$2b$12$NVqEoRWwdSFzeBLyHGBATu3A5TC.eCPMYmg1EuMj7Ef0xk3HrPAyC,customer,customer,1851840,2020-04-14
Ella,$2b$12$HgVy7Ot22BUhAjfcrzJhNe88oL5v1l0bHZrZEHl2hfwmZGnNFmTGq,customer,customer,1975296,2020-04-14
Madison,$2b$12$ql14D6uBubWSJgKQOR35P..ivkOUPspcJNdkOJ6QufankQvUiDV92,customer,customer,2098752,2020-04-14
Scarlett,$2b$12$w.lfb89W1tHVn.urvty2jOEHp0b4160yC5HEZyfnOIAZF5MQ4hRWO,customer,customer,2222208,2020-04-14
Victoria,$2b$12$6rBgmMyBAi9lpPYj6Od1g.bHuz86RpTzWFmbf30mHir9DewFw0Diq,customer,customer,2345664,2020-04-14
Aria,$2b$12$o89ADJBBu5vDKqrODtptteddP2RGWG39jzZEssh4gaqbZGyEMdTYO,customer,customer,2469120,2020-04-14
Grace,$2b$12$h4OvVXYTLV2E90D/6ERVhOd24D1ZVu/6UT661/mEC1ikfnl0DJo6S,customer,customer,2592576,2020-04-14
Chloe,$2b$12$M1TgRILzkz5tH3nWrzgIeeiogU2O6o4IBu2abnEDrrFK8O3f1L7Ca,customer,customer,2716032,2020-04-14
Camila,$2b$12$Xgqm5Ew0g47U/oY4KOoC8OkMzZWRTqdcBDTduFU9HZXQMSDhNaztu,customer,customer,2839488,2020-04-14
Penelope,$2b$12$wFzUTDH66Bwdr4GWKIkw8eZplobzKZrIB1mlUcu4Safg4zI/2ZEoW,customer,customer,2962944,2020-04-14
Riley,$2b$12$yZtaIxNo1RF11ehMGazoz.v0plwSUC7hxFiCV5z1HI.e7Zc7T4SQW,customer,customer,3086400,2020-04-14
Layla,$2b$12$bMraB3vY8aWaMxHAx84BDuONsjiV73oE/fyp6E/rFnl.LoYViOwr2,customer,customer,3209856,2020-04-14
Lillian,$2b$12$xtQqnDAxjeiKOWnFiVJ1IeRzNEioHh6UT3/KL7HD2rzzF8dkeoQd.,customer,customer,3333312,2020-04-14
Nora,$2b$12$BMltjEetrknjsep2Ei3yUetmVY/Xf7wALnqT19.OKpC/Q5L35IBvq,customer,customer,3456768,2020-04-14
Zoey,$2b$12$lT3nw8kS63k2GmALwd8KzucewLAUCaZ1IGxr4FpCmJhC6uul.1c9m,customer,customer,3580224,2020-04-14
Mila,$2b$12$97WASHtgFXutQHb0SIZZj.ped.3WkYx0WndsRI8tYxl8dA7BCtvoO,customer,customer,3703680,2020-04-14
Aubrey,$2b$12$fX.aWtTky1plDRDulnjLf.vsWxsJJFtz24/zaSgMjeUyDCq2FCR6.,customer,customer,3827136,2020-04-14
Hannah,$2b$12$ZWEBj1XUQH0Z2DFpVL4m1eJaq/w8A1/sO0QGGIW4CkqNMv0fv2ZUK,customer,customer,3950592,2020-04-14
Lily,$2b$12$W/ZTcqvurgdon5MXrFCkB.MNc1lfyUSqu8hHaoCan877dNFKudAnu,customer,customer,4074048,2020-04-14
Addison,$2b$12$i13OVjYNwnCUo6djAYXDy.nBtZMl3mLOIMHTCSbrIR4AG2CDSTThW,customer,customer,4197504,2020-04-14
Eleanor,$2b$12$ZndCAzafOhrkcfARB2h7DOzVyq56Z3q2QW0Efbx27LemeGgF0cVly,customer,customer,4320960,2020-04-14
Natalie,$2b$12$KofPTg8sR3zKFPqJfFLN4u9u8.Vgi5Jc4OcdqaBk3wzdTc9rp.mP.,customer,customer,4444416,2020-04-14
Luna,$2b$12$ggg0QrctCeGhkK.T6uywIej1.VjvvvYjQ7aTvZ4PlgD4HCe1slN6i,customer,customer,4567872,2020-04-14
Savannah,$2b$12$dOu60u51vNPGl0pWkGbyCO/CnUcZzQtOA94.UI/JU2pndC33q5I8i,customer,customer,4691328,2020-04-14
Brooklyn,$2b$12$eV28KRRtbo28nAegbD6fKevBH2Nju7D45fa69xy1yBmaTokwtGiu6,customer,customer,4814784,2020-04-14
Leah,$2b$12$TM9q.qjAn9E.Tm2GfGezTu2XNQb2bRIXZU/kZGKBQ20CYDqo.HxvW,customer,customer,4938240,2020-04-14
Zoe,$2b$12$gOS17RVpI4S3575vackT3.bg3xcZBmXmCtgZsNobnbGdGWAADnJ3G,customer,customer,5061696,2020-04-14
Stella,$2b$12$OJpwwc/l7FhYviSOixDeR.meMfObHaKZm2qdKQ4/ROV3a88P8kyxa,customer,customer,5185152,2020-04-14
Hazel,$2b$12$2udn/uzmRUx/H1AyVqGPmOk1jBocVVdpH.nbnpEH0YFQhW/57qzrK,customer,customer,5308608,2020-04-14
Ellie,$2b$12$Z4X0A9F2P2QplifiYJLJgec.XK5uawdibjsjeH0.V9YhyAg0Fnrmm,customer,customer,5432064,2020-04-14
Paisley,$2b$12$.B75/GFKkboD2L5OJxWQwe9jklmNEzMvkzhBM7eP7ve7u8wOAstOO,customer,customer,5555520,2020-04-14
Audrey,$2b$12$YyMKMOq2S3VsMYMqPpTDDudEzNKsTugocJ.yqCQ4Sf3OZnLcZS8Oq,customer,customer,5678976,2020-04-14
Skylar,$2b$12$pTbMCuXBJl5Hj1awKI4A3eoql30DLRV5CG0aNQ5eYFQklTnn7I4VC,customer,customer,5802432,2020-04-14
Violet,$2b$12$NUYIdzpr70Ndy9oqM3nTj.DrzuZu7E3xjk75g8GjL02eVGnxHWwwy,customer,customer,5925888,2020-04-14
Claire,$2b$12$0Ak1s23Bm0GSfq7umc.mE.I7KnEMcOv5Mamg7cblAmxyIa81kd3TW,customer,customer,6049344,2020-04-14
Bella,$2b$12$eHqU9aJnA8xWa1lDpuAb4uBk.uYXuTu.owXKu2sS00Ff67r9NPUOW,customer,customer,6172800,2020-04-14
Aurora,$2b$12$T6aFi1h/PbI/xII9sWD7Nu6Xo6ggbS33qJi.CV8mSMBPcSA12t8AS,customer,customer,6296256,2020-04-14
Lucy,$2b$12$zUnPMfmux5xJQsJINSiGqO2t1.EuoTCuB5Llxz88EwKWpbZVBzdp2,customer,customer,6419712,2020-04-14
Anna,$2b$12$7SGmIqr6DLcb1x3wUWZo6O2IJgErp8mtRQANoc0jhxfOSgx3c8J46,customer,customer,6543168,2020-04-14
Samantha,$2b$12$2OOu3lpnl3mCBg1IpkxvqOXGuY57WK1YyuN3iwZYXmeSPrq0zmXju,customer,customer,6666624,2020-04-14
Caroline,$2b$12$ZRIU0EL3TnmSvVBveFa6hObH/1Xe9eB20Qtjb8dtdkxFaMUhFcZmW,customer,customer,6790080,2020-04-14
Genesis,$2b$12$Hae//UUE1OcJuQJVJ.lGe.VH8GfBVwiLM1RVuKhzNZYiKWbe1RiNW,customer,customer,6913536,2020-04-14
Aaliyah,$2b$12$V4IKs6Ye8olcvovtsSbBBOXN/slH5F6JLzNcvpu.e5zytVaXh7PYC,customer,customer,7036992,2020-04-14
Kennedy,$2b$12$FTz0LIQ3zS3x/QBpMng6t.Vf9xy2689WLhXJo4Ft.6s9DkP8Q3mEK,customer,customer,7160448,2020-04-14
Kinsley,$2b$12$dU44meLtXZCKkH6PQFz4h.nkpCrkd4VoDvfvfRRE.nYelmcdl3dwe,customer,customer,7283904,2020-04-14
Allison,$2b$12$fsEqK/SXl0Mzv2wNlzllMOj.oqEs5ihEhaxzn5Q/gBL2LP.j4WCxW,customer,customer,7407360,2020-04-14
Maya,$2b$12$ZAzqA3a3NbFaI5PPxjFdE.HVDDW9JEdcBXSIrCdPboqnhbfm1c0CW,customer,customer,7530816,2020-04-14
Sarah,$2b$12$yvSy.sbp7w9cvnWu8OOi1..Td47Og2aqXUHrJR7rxR7p7bBaCEH8m,customer,customer,7654272,2020-04-14
Madelyn,$2b$12$L2pfAf0euXhtlibHOzET6uW.CGv//BjJj1YXoSPRNnYYfqFTE29Oa,customer,customer,7777728,2020-04-14
Adeline,$2b$12$pq.tBBFsYS5K/UmpdC2VOu1WyD6qzkQBV8.S3r1Glz/EysNNzmgcO,customer,customer,7901184,2020-04-14
Alexa,$2b$12$om6UrjyEYwC4d7PU2ymftOETUCy2ftfefIJmVXXVNaRfozqCyWnnu,customer,customer,8024640,2020-04-14
Ariana,$2b$12$lYG85d/fBsSe5936bUKdPeHJY.amvm9LaXTmw142ropPFdflFxYFW,customer,customer,8148096,2020-04-14
Elena,$2b$12$dHJHp.3DA4muZWZ4cirLQ.LOc6EBofgRxWDvTUjDzFpyXRKcv9OJO,customer,customer,8271552,2020-04-14
Gabriella,$2b$12$.qbZbUztKH0nYa1QvYicT.P7Nmwd7VZwUa90ySilEVZs9MoiDl6a2,customer,customer,8395008,2020-04-14
Naomi,$2b$12$JDubHZDWix5R2RwFEOGCkeVGLNO78T78.L8cf30PShTGKfkLjD/cW,customer,customer,8518464,2020-04-14
Alice,$2b$12$/5gfBse3yYuNJXjENkBlCuP1J9D6z5lLs2FO0yZtJDCOUZF.UuRbO,customer,customer,8641920,2020-04-14
Sadie,$2b$12$DcIbT1gOwrt75yN6aMrW5uqla9Bs8HGdUH1E81NXj2VhSDsCDQNdS,customer,customer,8765376,2020-04-14
Hailey,$2b$12$2Owck7W9DI2Pp/Y/DLFG3.ylXKZrXdpKQ0uvkSa5JQl8AjY6n7Nvq,customer,customer,8888832,2020-04-14
Eva,$2b$12$JzPhRighBJwuIwIKZUK30uLTggaB3GFhcSM6sJD9f2Dgj//187QWi,customer,customer,9012288,2020-04-14
Emilia,$2b$12$otRe3sKALBdqn5Ic91CoK.jzy0HG.MVavu/8nmhNUqydP9h6Qcdjy,customer,customer,9135744,2020-04-14
Autumn,$2b$12$/fVboCayFAk0U2EnSS8hfe19afozCeXB3RRmT66NZo.AnIyG2V9fG,customer,customer,9259200,2020-04-14
Quinn,$2b$12$immjjZZb2Iix8Wh8EqWdHOzvifk0JQQnWik0iDhiGRmT4W5bPI8oO,customer,customer,9382656,2020-04-14
Nevaeh,$2b$12$KkV62DiFe7YGb8zOvXbOFec9pO4TmumTZzvRzRhQYGnLv.VWI/h2q,customer,customer,9506112,2020-04-14
Piper,$2b$12$kuqZHhBegDVzvysLhrNwue7bkX02ccMKWQdHiFs4W8I7FA.PcqgH2,customer,customer,9629568,2020-04-14
Ruby,$2b$12$sBY6DHV3QatkIfNxm5TC3uH0lTAStJxJO8XTnzkeAUwfNaXQ3chte,customer,customer,9753024,2020-04-14
Serenity,$2b$12$ekIfh8NN33Vg50D.uxxWTuPdjNTf4Q4b3RpraFiNRIiSvG2BajvgC,customer,customer,9876480,2020-04-14
Willow,$2b$12$nHZTfN6.EjHOEO0xJ1h00uiHwDaeAkVrEI5XWyiyVP1pZ62n6XB9O,customer,customer,9999936,2020-04-14
Everly,$2b$12$OFHuetZKQRsB.mmw1UZMZOjK.LwWb.q6a0RioC9bRqpQ1HWKht4AS,customer,customer,10123392,2020-04-14
Cora,$2b$12$rPtST9amAMcYRgWbczy9X.fDlp29OS86V5/XCSk0LSQr6OozxRatm,customer,customer,10246848,2020-04-14
Kaylee,$2b$12$F8Hnbz5BqHlT94/wOoW24uneRHGItYub5ETJ0XcuRyn3lnA2DF.lG,customer,customer,10370304,2020-04-14
Lydia,$2b$12$CpG78M0zWOn9Qq.HvUkWtuHT16J7IVOztZn4D61BcbDAKvwvSm0xO,customer,customer,10493760,2020-04-14
Aubree,$2b$12$TGBPBETelZpgazYw9EKou.ROakRpButc5rWUYHztLnmX19PmNSVsi,customer,customer,10617216,2020-04-14
Arianna,$2b$12$YG8nxypwGG3dxIbewS4Kq.2Htu7reY15Q32LHq1KFSGedTaemROIa,customer,customer,10740672,2020-04-14
Eliana,$2b$12$wHbgSmWrlCHUCfBT4Qs/ueZYBJgM40tdoq/MsWsVVDyldISZRBz8a,customer,customer,10864128,2020-04-14
Peyton,$2b$12$GswFrMpziJhKSFAuPVI2LeGLd9JwuYQKNAfHzS5enCYuBbUZZ1gcu,customer,customer,10987584,2020-04-14
Melanie,$2b$12$fCifTdLSxDy9mjaZPjV98uM/nv39fJtovFSllxNwIzatVSaVGruNm,customer,customer,11111040,2020-04-14
Gianna,$2b$12$mGXU4RbDEz5BvpqlLyx8E..tFHEiv/Dtz83lbgXdBps94WBa30V2.,customer,customer,11234496,2020-04-14
Isabelle,$2b$12$3mxbYRVPfnjfBTlYCjpdJ.Yz1OVBs.VLcYwuPhKBqvoB3Q6sPP99K,customer,customer,11357952,2020-04-14
Julia,$2b$12$RrK6A7I/yIrgJJb1JRrRuO8gQiSZa85Y28yDEnU0sRP91Upuz0MH.,customer,customer,11481408,2020-04-14
Valentina,$2b$12$HPIJoRUA58w6H0As1jkXe.u1P7DOnDRS9snLTliNCbR0EZ9KbsxK6,customer,customer,11604864,2020-04-14
Nova,$2b$12$NPmLdB8njFs01lDQLWTmz.DlaUi.6TipEJfrCmacX0ZrQduQQIQkG,customer,customer,11728320,2020-04-14
Clara,$2b$12$YkZJ2PqbYRT2nq4d6PDFXenkMw3mj6rkT0UzR9X/m6A8xRjmGdoj6,customer,customer,11851776,2020-04-14
Vivian,$2b$12$YhwVLsIADuzugmtI0C2a/e/FaZF9/91MkbdVleOAORDuk9qQLMAhS,customer,customer,11975232,2020-04-14
Reagan,$2b$12$mj.KRwhxyIFzu4wcCc7LpeZ7OSEBzmyevDxli9amQOqZ4DOO7FycC,customer,customer,12098688,2020-04-14
Mackenzie,$2b$12$lZ2CP8rA002M1R3CQWgQwuuphg0mAJX3rLpt/d6vSxmp.wAxkMB1O,customer,customer,12222144,2020-04-14
Madeline,$2b$12$qFOu63iVa2fqaq0VoeUGbuCgTK3rAOcNH445eBvOWRzTLDJ17IdZ6,customer,customer,12345600,2020-04-14
Brielle,$2b$12$c4I.SVP0wlREN/pFSDPMTeOJx93MIUTKR8adVTfnDjxt5gPqVc3ui,customer,customer,12469056,2020-04-14
Delilah,$2b$12$n8x0s2k4MnGySY6VLxj2wu5wuKAipdPrznVMhtd8WnfiIJbZT6c5S,customer,customer,12592512,2020-04-14
Isla,$2b$12$XtOyZ8XovOIWTPsfEICFTukYKhdtXn.250bRc/Oq/6dZ8MNvvCrK.,customer,customer,12715968,2020-04-14
Rylee,$2b$12$aW33/S8GyFKRmZhbETU7aOEJqSe/M3c28ZdFD.FT.Y4LONeGm.Nvq,customer,customer,12839424,2020-04-14
Katherine,$2b$12$CM92r70gj6RUXfsaO0K7HuwTpQ5JyQbCnkBxNTlN7tM39hWWPWy5K,customer,customer,12962880,2020-04-14
Sophie,$2b$12$JdvtUUKhC84ne2e24tyeQu8lm7A07UQVsQVlsKdpO9QLgvMIdYXA2,customer,customer,13086336,2020-04-14
Josephine,$2b$12$zxjf3/chlI3yDUCYttnife9tm22XUiiBSiquP.W1Bocpcm94YlF6m,customer,customer,13209792,2020-04-14
Ivy,$2b$12$wYUg6pENbpx54Q.kWziEBuzLHNIjXkwHyH75OBja//Tow/JpzLFFu,customer,customer,13333248,2020-04-14
Liliana,$2b$12$Z5bka4msyCQfamLm2C0fY.f7o6Kd0VXDo3LtK5lcz8LnuQnZmKpbG,customer,customer,13456704,2020-04-14
Jade,$2b$12$0fd8DePbhwnaD306rzujFOGJjmnwfWQyiI/SyG.cKZWJuQabxmYJi,customer,customer,13580160,2020-04-14
Maria,$2b$12$LxZ2xPXPCbKR59Z.cIdgEubXNW0khC4sTxvyLbs/02dFWFmUfbcN.,customer,customer,13703616,2020-04-14
Taylor,$2b$12$CWKCWCc60mxLRVvim6Ifye2GFG3YwkVBfpdtgoXbTAIG0hS4TreKO,customer,customer,13827072,2020-04-14
Hadley,$2b$12$imo/IEln5kmHw6O8f85lUefV1S04c4lGlHQTY34P0dYDQH24SE6ke,customer,customer,13950528,2020-04-14
Kylie,$2b$12$VuzskqW3CSIlQ4UdBbnFl.tYZ51x.cOwsHaivPe7WVIR7Ade53Swq,customer,customer,14073984,2020-04-14
Emery,$2b$12$lBne9incnGZRz5DXl2wfGuhYQ5x86qs2k9L9HsWL.DPt1FT7aPrtO,customer,customer,14197440,2020-04-14
Adalynn,$2b$12$Z43TMgV2YYPIm1DTzWaKtOCKl4mpRNDqCy6lkGlsIRrqmSZZI6e7m,customer,customer,14320896,2020-04-14
Natalia,$2b$12$1TBhume6E93QNPhDk6N/hOeVHsbRgLdCDozEyP6aPCwUr3EI1WU2K,customer,customer,14444352,2020-04-14
Annabelle,$2b$12$3dM8dwj.bo2Gb/Nq4keqTe6.ZnrJx3u5dm6PNChKimJntbd3kjTJi,customer,customer,14567808,2020-04-14
Faith,$2b$12$VlJwmaaej1fZ44OsIR/HVesTanEtX5GGDfArkkNzvXWXV2h2ClMoK,customer,customer,14691264,2020-04-14
Alexandra,$2b$12$XRc4tGnqpyNWyZsiXgePN.7H0hN6BiWGi11.EUk1Fr8mAkaelPiwW,customer,customer,14814720,2020-04-14
Ximena,$2b$12$lgXDTUvzkKvA3g7X.MiWguLqOm2zHDKxPnWgfF5/ynPFHcOnDCzh6,customer,customer,14938176,2020-04-14
Ashley,$2b$12$yxhapxinzuD2XoDhBnZv0eIOoFCw4BLMOkZH/RCRjO56Ue5v3c/AO,customer,customer,15061632,2020-04-14
Brianna,$2b$12$2rYu6IRyHz/DLJIXk6wHYeTIIZTgQJ5V5QvPXrZdIeMRpuBDPV3AS,customer,customer,15185088,2020-04-14
Raelynn,$2b$12$Wj.wGt8LgwBVToTZ6JeH5OvQgD5BCyADGnlQoMGJkl8deuWI9EXWO,customer,customer,15308544,2020-04-14
Bailey,$2b$12$k4dGWvARqUcMTUZZHjTJNuXxA.bg2JWVoUgtQP9LmCtV3SQbxPyXi,customer,customer,15432000,2020-04-14
Mary,$2b$12$oiJyZ6c8q80dCS0cr9WPZ.tquh.s6z9lrxCoQkZaM9KuE8dF712iC,customer,customer,15555456,2020-04-14
Athena,$2b$12$8U8ZxsAy0cf.Zh0JM2I/muC/BVonCSCRPG9/VJfQCECo1shzV5FcW,customer,customer,15678912,2020-04-14
Andrea,$2b$12$lWiTeLBHVNoiAsuIEj53Aex3hDv2XWDklvx9M9Yr9nqFK/tn9X4Zq,customer,customer,15802368,2020-04-14
Leilani,$2b$12$ADmkPKsQ/pnF4FDjQozYbeytEeXDlQiMZWo.HwmsQzErl78aorZ1u,customer,customer,15925824,2020-04-14
Jasmine,$2b$12$74RXn1mVYlbRniV/H3AVbe9CiEkYehhXgJYy3Cq9W2F8O0Yw5Zbj6,customer,customer,16049280,2020-04-14
Lyla,$2b$12$KqUUd4mc9uD9BnlHgbYPTu5SgQY3Ji49deiFYdAVU52kJPRt8kmBO,customer,customer,16172736,2020-04-14
Margaret,$2b$12$uUuWsYWNg5/Cw8zpb4g8suFJfSyvRKbTA.hkE6H2kb1UILMxNsGTK,customer,customer,16296192,2020-04-14
Alyssa,$2b$12$WE9FM9VOzPmZUlcVbh7ZK.Q.DO67PblcOEGkFYv1SlgWciqxHTS.W,customer,customer,16419648,2020-04-14
Adalyn,$2b$12$lhMxDNl88264q0ZmZWX5HeaG2/6kz9NzBA0aYovYmTPTvoGIC/kDS,customer,customer,16543104,2020-04-14
Arya,$2b$12$L9HfUBu88duwNsZhExf74Oeb0AYD80Gn0UDnz0ga0A03egZtbdmrC,customer,customer,16666560,2020-04-14
Norah,$2b$12$lM21QJ27hCAgP02Ee0XbyeH3IFKqaYMecLmGukB6l00xsyHYPmLGq,customer,customer,16790016,2020-04-14
Khloe,$2b$12$sOIKZ/NabQhQX0HVu2ws4upvcz2nLWZw.IJKAKO8DxGRkKNaroeju,customer,customer,16913472,2020-04-14
Kayla,$2b$12$wjv/GNYommdMMYB9CnN2eufZXO2MQV4/jOrIp7bjdSIuwY4JFuLV6,customer,customer,17036928,2020-04-14
Eden,$2b$12$L5bp6WsCvg/CRmiTdIUzTuc0Bl6GfGzKn1NMXnXCVa3.kALJ0FM6m,customer,customer,17160384,2020-04-14
Eliza,$2b$12$4K7qQ1xi2IBI.bNPxNNTNu6AH97ENYNmgTfkZWswDI5ebZvJYXPbe,customer,customer,17283840,2020-04-14
Rose,$2b$12$AFVvfyyomzlVmq2kO9uXVuDFQ1mfg16YNe4nsLOW.esNVmnVu2ZjO,customer,customer,17407296,2020-04-14
Ariel,$2b$12$SrOY8YlDnPtrCyMYj76nCevcMTpqTVMRUvs4huimD.pnQQjI4hRSa,customer,customer,17530752,2020-04-14
Melody,$2b$12$wMUmgxCy7/T.2IBbskeQv.KZavnAddX2KJF/jmd8NQEIT2mHNYbTm,customer,customer,17654208,2020-04-14
Alexis,$2b$12$8nL.8sQP5ldWKv4xLwqYgefzD9zfVrbDfx.kYpOTxskqb55pcgZMi,customer,customer,17777664,2020-04-14
Isabel,$2b$12$W7bMm21cCA5wBNcRbj.r4egoIF1B9gbBwKPV8O7kv1pkvY7qopoJa,customer,customer,17901120,2020-04-14
Sydney,$2b$12$hzkMLAKsA3wAL85eceJ2COUKIpNXyCfGY8V0ljCCseyihe7UWGLTa,customer,customer,18024576,2020-04-14
Juliana,$2b$12$OTcFRiMbgU0zylAmrYK5NOR81JNfobz4Lz7q9EGmS4N.67T6iL9P2,customer,customer,18148032,2020-04-14
Lauren,$2b$12$5JsjwfXs44PYLhcIxJEtz.qPbYRXN9bUWekE.M0egSt0pk0nK5prG,customer,customer,18271488,2020-04-14
Iris,$2b$12$1AIR6jSPln/O0XrVFtfXe.i0FBpLgEys3W7a.5aiVfaa2ykUA612.,customer,customer,18394944,2020-04-14
Emerson,$2b$12$dTOMtqo2rehgUxmU1rcrUO6PrwfvY4VgXMTwlUyEWxrZVYerMimAe,customer,customer,18518400,2020-04-14
Westley,$2b$12$.vIE6lvuXQEidknWG9XfRuYKlRpUKJi5t9PKMyfy6ioxKfCwFpdkK,customer,customer,18641856,2020-04-14
Miller,$2b$12$uGG58Vssz9V31w7Aqp5fMORcZw9nH3HYsMeiHD3k5ykmumoUO5GjW,customer,customer,18765312,2020-04-14
Alvaro,$2b$12$O.9aKWpV73xlaDz0uEQH8eUszrm9vVcBxxLrkBwOqZSkVT.TdCoSy,customer,customer,18888768,2020-04-14
Cristiano,$2b$12$yzvV4XUmEG6f.JN6TUpxKOLcIqrf0P.DrYPMxtI11zXqJ8beUklKm,customer,customer,19012224,2020-04-14
Eliseo,$2b$12$wGgZ6bU9J/PD9g2WOyO1ROtENpZylYspxCDU3eDwprYKaQoaJvqAy,customer,customer,19135680,2020-04-14
Ephraim,$2b$12$lgPGI6gxgpV18.NO0uWc/O.EJi0FTsxoANHmgdCuFLe4dfVrOXqYm,customer,customer,19259136,2020-04-14
Adrien,$2b$12$Jt1Ezl2oW3fu05FZOwEfOucridLWvFOFomaeStU8SpQiQ/LffQWrO,customer,customer,19382592,2020-04-14
Jerome,$2b$12$qwiANk/EKwuLyKMSWtDa4O4ipMeMJzqPd2CJG879qfSEaBiYft2HC,customer,customer,19506048,2020-04-14
Khalid,$2b$12$njmQkgHDUNmuY5IdZMo73.Spl8uT21qaj38f2ZHLMYd2MoZJYnJmm,customer,customer,19629504,2020-04-14
Aydin,$2b$12$yjfPXFFJBukGZjJ7ye3vTO1hYjOeI371XsCQpyfneZSES/YY0Myz2,customer,customer,19752960,2020-04-14
Mayson,$2b$12$XRlImzeoHP5RZBphib4KceBTdbUDy6oKupZE2BRMWXbb0i7I3EJw.,customer,customer,19876416,2020-04-14
Alfred,$2b$12$kNNFcH440d3jWRY8Sia6ee3Kgj6BWDSH7PuMWfH9BoaOxY9JF4N5K,customer,customer,19999872,2020-04-14
Duncan,$2b$12$HdS9plTGvt2UenEBWHk.U.1vBreZNbcE.H1f1oK/8BV6HQL4yePFu,customer,customer,20123328,2020-04-14
Junior,$2b$12$CKVQO5aRhsKaVP8LNN3d9O0.LCKclcpKMvyEMtWysZJyRXDt3SQ..,customer,customer,20246784,2020-04-14
Kendall,$2b$12$lxkqtlGkaqFU2rFBLGc4...hQRzI9a6fGKpxtAlJKW3I.7iSNQWTC,customer,customer,20370240,2020-04-14
Zavier,$2b$12$lmaGHLn87/AIoJv.3Fobg.dwcaVBwtRhBXAUOJeQjxXq/AjZiRosO,customer,customer,20493696,2020-04-14
Koda,$2b$12$tf0Q4M0UZT9Suru0W568OOPcKhmCff/YJybrZ1XD5qAUpAhTd9EPq,customer,customer,20617152,2020-04-14
Maison,$2b$12$klOjvoOmUWEzwZ8nqU8TXuOKtxJ/Bzh1d6LS9J2yrHdDAYHDDRCu6,customer,customer,20740608,2020-04-14
Caspian,$2b$12$VVquhLyTMVG/.G88sHDZZehCkzH74SIxBkpb5jS/hF4DNshFR1LJK,customer,customer,20864064,2020-04-14
Maxim,$2b$12$9vG5zQMlah.64tay2FM6Ku.iVW05g1fKgs7xK5Z0YwbxoMRJVqMUq,customer,customer,20987520,2020-04-14
Kace,$2b$12$8xtWOUz.acnRIFmxYwEKB.zlrkAZVZc/j.eqwc/Oax1b8BVHLPnK6,customer,customer,21110976,2020-04-14
Zackary,$2b$12$GMyJ37QDDNo1QSQlXumSZOzDPaia9K4mc4waXwUs3weoinKYtaTVK,customer,customer,21234432,2020-04-14
Rudy,$2b$12$vkUKtfpYlCAB37ybWBPmBe7H1sf/xhCbEQwIVHJenTyy2ZMfGMgky,customer,customer,21357888,2020-04-14
Coleman,$2b$12$hWH/vafGAOdnB1ordzUKe.iF7HiyXvRWCjo2exP3uJ0g94S4C1OQm,customer,customer,21481344,2020-04-14
Keagan,$2b$12$Xkhu/ODrsLM4tfwuMNSBtOy5gi/gZV8ZMwm4gRs.OFuvDklRmQ9Z.,customer,customer,21604800,2020-04-14
Kolten,$2b$12$3gvcp5wRZm7uodBx2kxGsu3Eb/UjImSMdxFMyfiDA1bC.p1ZA3fs.,customer,customer,21728256,2020-04-14
Maximo,$2b$12$tXdGyxMvIL3yKyND53XW7O.C1meO/7/EtHbJlvTokqEJ55qGmqUe.,customer,customer,21851712,2020-04-14
Dario,$2b$12$PyxhrUf/17UMZf.SjDMEVej3Kl6TNCiCNNMMS6dR5yGpdBPMa3K6q,customer,customer,21975168,2020-04-14
Davion,$2b$12$xi6/HhvZiNdQidz0ZeU1fOH7MLvPuuzREBVhisiXvhp/cmNpApC.y,customer,customer,22098624,2020-04-14
Kalel,$2b$12$3.Rk55yX4/zv/yCDVbYZcePghezd11ohRDSK2z3ZDoRcvJ8Sjt28m,customer,customer,22222080,2020-04-14
Briar,$2b$12$7XYYycTwkdS1SWlakayNGeVcvDpdHavc/5SukIIqt4ifIRWeK3F1.,customer,customer,22345536,2020-04-14
Jairo,$2b$12$W0r.azkwIoh91j7YvrdNdOEC1gpqRkPZAQ2b/zZjSeWFla9cB9yaC,customer,customer,22468992,2020-04-14
Misael,$2b$12$rvuS0Dwx1y1bV1eaYlwl3.bvps5qNOdUVUY7zXpbbJuHnJ2huIGre,customer,customer,22592448,2020-04-14
Rogelio,$2b$12$6gNfHIL4tWYBlCyKtQEe.e8NvjOeLvYSPEZhWu/q.tiEOk41stk6W,customer,customer,22715904,2020-04-14
Terrell,$2b$12$/8B0xCE22NWSctg4tsje1OvbQDbk02jX7iVx7PU9S2LyMVJbyh9H2,customer,customer,22839360,2020-04-14
Heath,$2b$12$nTpkkMWV83pc1WOcqxLNC.OMFdoyDRwSXJC59XoZrCAC6eXBcPNQ2,customer,customer,22962816,2020-04-14
Micheal,$2b$12$yeYqno/pcWw1kQYyFkh4HebF21yF2We9gdQpsQTv0U2M/irU8MXWS,customer,customer,23086272,2020-04-14
Wesson,$2b$12$bSK4ChcT7W9DHk.SU/N/leLeMUHUe1/EvLMuk5IE/.LYOHv0F2w3S,customer,customer,23209728,2020-04-14
Aaden,$2b$12$1t/2U7a1cddWl.nqaT6/BOfC45fc5Hi1YUzhhhnAQvoWPicPXljOS,customer,customer,23333184,2020-04-14
Brixton,$2b$12$tAcZpmXaGWVXaUKzFk1Qr.zXbh74diGh0egIWj5R3AltYiMAHnNEq,customer,customer,23456640,2020-04-14
Draven,$2b$12$zg7U1bT0AYsdopK9h8YuvObDnVduwmjL5cIkF9OkOcJaaGVboofkm,customer,customer,23580096,2020-04-14
Xzavier,$2b$12$cZ20jxy0HvU16b8KcK3hqOcGOFTU02Ctz/Q1Rm1DTiCWxwENbTgUS,customer,customer,23703552,2020-04-14
Darrell,$2b$12$wk/FvJbrK.QyIGXsR6brGezFmghTihe/oYX/M1fW/oT/BpdmJlJmi,customer,customer,23827008,2020-04-14
Keanu,$2b$12$Ai9pYmCkJNzrzOnWdL3/COek7V.W9bHzrt.Cs08WnCmU6Ht8gBNkK,customer,customer,23950464,2020-04-14
Ronnie,$2b$12$cEueAlMQUqdabI1Ib8OasObkeJzWIVrMbe8sBmrANFz9Nyl65HYKy,customer,customer,24073920,2020-04-14
Konnor,$2b$12$LRLgtwVagChA8rFSAIzVfuf8fBA944e5M03U6uppqt184hjM/yBBG,customer,customer,24197376,2020-04-14
Will,$2b$12$T/mfepMwmL8.wiP.4x21Q.VUKr63UOM1EohLTIXIUKklYOjSggC36,customer,customer,24320832,2020-04-14
Dangelo,$2b$12$vhxBv6m7RgEJLCPtAWSdoewcKgASpYtdg7eD87Qke1Wxl8b4IdVDG,customer,customer,24444288,2020-04-14
Frankie,$2b$12$kpq/90MQ1GaXaGot4ea6zeae3tQiTFUNDLyqldn6QUqnfeA3vMxKi,customer,customer,24567744,2020-04-14
Kamryn,$2b$12$OWqTrT2qoN1KTaEtP/FkyeL/dml8smvAY.JEll8qG5h71c4zGb6QS,customer,customer,24691200,2020-04-14
Salvatore,$2b$12$QoV27Ab81/y8XeFWRt.04.xJfz5oKdHiJiVpPE8S.qgLTA6F.vUCW,customer,customer,24814656,2020-04-14
Santana,$2b$12$DrqYIIoyiK6xrajH/.3bXufbz7LheXHE3qF19D0RPVbK5nx2Titxq,customer,customer,24938112,2020-04-14
Shaun,$2b$12$HSFIheDHFUz2/aci.4KFqORMRiO5HJvABC3xfrsnSl8nTnEl7rtKi,customer,customer,25061568,2020-04-14
Coen,$2b$12$rF9faDlhICQmY9iG3u.jMuBR5/F0n4RjdSG4oKSFtlfuP6MinLTiq,customer,customer,25185024,2020-04-14
Leighton,$2b$12$gRS11fresLp1mj.7S8a9v.zZoZ2eoFaTHJvSvSKbu7quAShONx4K2,customer,customer,25308480,2020-04-14
Mustafa,$2b$12$owpRT9zxLKHqh7HSmr4hfOlP.4E4mLD7W86ANHsRQ40W06Ys9ah.C,customer,customer,25431936,2020-04-14
Reuben,$2b$12$yrl4kGi./8zO1EgjeLglKu.GEPxbEn0sWgkO8hxUPAKmIryOfS24.,customer,customer,25555392,2020-04-14
Ayan,$2b$12$RpbcpUFMbwFrKeZ6gtD.cefV49cn9vP63jglbxHIBFnXK6V6H7Lk.,customer,customer,25678848,2020-04-14
Blaise,$2b$12$QDPT5GXI3peAeOCnAP1/veWGnWNpXOFuBdwlrz7Tiw/UGsl0NNDXO,customer,customer,25802304,2020-04-14
Dimitri,$2b$12$U0uPiCXngZ40ZJbj/ZVncei6ACRwIVqriClMcIDiML/h22oT9QkYG,customer,customer,25925760,2020-04-14
Keenan,$2b$12$AizZcjmI0QjG2xSMaExD1OAZFEmAv2OR6/gszZroPjm7ZjTW2wDLO,customer,customer,26049216,2020-04-14
Van,$2b$12$toYHU6AH3QuD.tUen5UDAu0t1xZsEZen9p3KiqEPdM8uRkGl7Wbva,customer,customer,26172672,2020-04-14
Achilles,$2b$12$G/mn4oo05CxZbcIpWEJrZ.AmdWQPbhKKEjtfysKkbIKH9I28pHc4W,customer,customer,26296128,2020-04-14
Channing,$2b$12$Oe/no3TTHpuRRnMzK3XJheL4omtjrNJx8Clz5Nvj9dhUjb./mSRNO,customer,customer,26419584,2020-04-14
Ishaan,$2b$12$3jUK3/MZFQHb1zsAuDpswek5bymuX4U/YomLVQ0dg84Zr6oulgxhi,customer,customer,26543040,2020-04-14
Wells,$2b$12$EaPRGq5G8GMJK4tQDp7FW.EUFzSm.X2mCG9TJ2cMWwzU1IBVRVz4i,customer,customer,26666496,2020-04-14
Benton,$2b$12$QYtjCJQgxIrARQ77laNnw.BGxLobb7pj7J3nJ8oH7dbzK69Z0.cUu,customer,customer,26789952,2020-04-14
Lamar,$2b$12$Bxu9BElVMta8emMJ0DbXl.7319GzoavlDXx2g7k7TB3SUy5klUJga,customer,customer,26913408,2020-04-14
Novan,$2b$12$DxLCzzXFHIMrt.4/j12JxOzl2yzH89p/R7w4LxsEkL9kgxjJYidoK,customer,customer,27036864,2020-04-14
Yahya,$2b$12$EftYynw/aszZjPZ3GssZROL186jb87Cbi5iHR5L6kqA3b2Hwr0dGK,customer,customer,27160320,2020-04-14
Dilan,$2b$12$f0oJTWXdPS3bZBNsSjq9oerxqOeWOdaXVSOuEBQ5/x2J4vpQ6t7Ma,customer,customer,27283776,2020-04-14
Gibson,$2b$12$W02J2kGFgKTgQA2XmJEAKeI7aD/B/lR39VpXgyPS1AVKIKSsuCah.,customer,customer,27407232,2020-04-14
Camdyn,$2b$12$OUPBav0yBSnTCXpRUWF0j.VYOZCX9YwpaLvvpkeaOqPFGCAJzILnq,customer,customer,27530688,2020-04-14
Ulises,$2b$12$Dd4JJsXW2RdZuAhgvrdQr.yll4JXNXq4c98GzFe7BStlbdB2H3dgG,customer,customer,27654144,2020-04-14
Alexzander,$2b$12$WccvSAsmDo3Po921ZCh/q.gs0fe1C5zUSREoyQ1gVorAdhPco7bje,customer,customer,27777600,2020-04-14
Valentin,$2b$12$Z48QzrKJRyptWsQOhYIPeeBMfzkUam.Q7PyX09s8JzkS1n/YsbCom,customer,customer,27901056,2020-04-14
Shepard,$2b$12$zzBae.tpRJF08Pk/CTWqc.sOLe/FbmAsq5oAIOhVQTjKYgoF/rtgS,customer,customer,28024512,2020-04-14
Alistair,$2b$12$DPSNdjU2soCV.0fZzUFPTuVqhtg36HBnHgR7ahrr3.zXAujekYiam,customer,customer,28147968,2020-04-14
Eason,$2b$12$DKqI35iGgTuC6xmPvrWJ9ObWw2Af4MHnyXkfnJux/I20J6BUyLhUS,customer,customer,28271424,2020-04-14
Kaiser,$2b$12$PiAmbUb1pY.J4Z3JM1OUHeh8m.rNmrNHI6wPx9sR4YJ/Js82hTcg.,customer,customer,28394880,2020-04-14
Leroy,$2b$12$Lkxq1pXbYrdLZjCq94Nlu.rp15QbxlhK94vG129jlmMfCDczv1m92,customer,customer,28518336,2020-04-14
Zayd,$2b$12$ED6ZWyl6TSa.XCmLUIXjHuZ4luVinqxJCMAzk5hF5iB5TDq.B7W7.,customer,customer,28641792,2020-04-14
Camilo,$2b$12$hbYcwoNQcMHrTj/1oFBWZu8wh7aPaNaIyT6jDONbSezJ2cV54Hwiy,customer,customer,28765248,2020-04-14
Markus,$2b$12$p.U6twKaRm5WEh5hu.KtcOrNXNT9IQA1triX.t8I0aJgCycr9WL2C,customer,customer,28888704,2020-04-14
Foster,$2b$12$mJ.6rs08GxveVR55BmBwAevzl.XWEwt3Vz/eAxkYXI9OahG2AEMoO,customer,customer,29012160,2020-04-14
Davian,$2b$12$RPNzDpE2bo.x1kbchap8auetvCLtHJ5qbKlqf3StMXfwCDzLd7srG,customer,customer,29135616,2020-04-14
Dwayne,$2b$12$15E5f7Tcdk.5zulQYviM4O55.vLUi4SbZtCeqzfQYQNKyYW6gW8QG,customer,customer,29259072,2020-04-14
Jabari,$2b$12$LIn5tqEAM3InzoSvPQLFMuWgv5./lCrGzz.YAnGc2UL8nIBmb8zPO,customer,customer,29382528,2020-04-14
Judson,$2b$12$ceppkUoJEvpYwBpsaLIj3eWFeizunR2f6oIDefqoPeLLkOjf87xBy,customer,customer,29505984,2020-04-14
Koa,$2b$12$37O/5UAavyf/RXEBftMKqOhTn2ptHTlLcQnRiGqEJ2fTfJE/ndNlG,customer,customer,29629440,2020-04-14
Yehuda,$2b$12$v6Wc4wpj76wvFsjvzC5H.eOPYINDO24J6WIL2zMKiinhvrobCTbYS,customer,customer,29752896,2020-04-14
Lyric,$2b$12$qo01X47M6ecwfA.2.idt7uss5kxc4nDOjkT0TaiunDbrv3Kpp6rFS,customer,customer,29876352,2020-04-14
Tristian,$2b$12$Rvs1W27TDW54pRBZQLNjReM9sWLGwTbTjNW9/21KU4qgxdBHeLNiq,customer,customer,29999808,2020-04-14
Agustin,$2b$12$9JkzGUWra43KaMJ/gPGQWe7SttMVW2.PSQPyMY4qijGV8NsMnTcOG,customer,customer,30123264,2020-04-14
Bridger,$2b$12$c6rR5o.uvKU53uKGEc2wJ.ia8H5Nn9HD87d1iCTYv8qQAd.H4iGKy,customer,customer,30246720,2020-04-14
Vivaan,$2b$12$IKO6ateRw.g1m09susXA6.UFYDwtAKhsyjW72IdJ9DxyTbhMmTFLC,customer,customer,30370176,2020-04-14
Brayson,$2b$12$kVlKjmXjSsjxMWJdrhwzWuJCzg0.N2uYXr4vN8g2god4mA4MhwvAG,customer,customer,30493632,2020-04-14
Emmet,$2b$12$lqpBigog3.7zuk5xfYYo5OmGp7kkW78gBjXRsj1XZmsA8v./Nns/y,customer,customer,30617088,2020-04-14
Marley,$2b$12$jpKABmqICWqgBI0ZTJLIu.JDMqEjWtAgWgtbzuyb0ifnabXng8qb.,customer,customer,30740544,2020-04-14
Mike,$2b$12$3m37Yr3cJdrJebnerXG2V.IyiJ2A.oD.LVLyqz5Sz0a6m1y04VCuO,customer,customer,30864000,2020-04-14
Nickolas,$2b$12$UQiCHp/noXDLphQlERFnAeg8LAcI55VqXAo9ERVctrGP4CupqJOT6,customer,customer,30987456,2020-04-14
Kenny,$2b$12$sYmycBsFdu40k1KyiNMz8O0ZkPfiFklBISyMQ4HH2HZUr7C2Ts/5y,customer,customer,31110912,2020-04-14
Leif,$2b$12$RdLWqT1YseM230jn2kQJI.sKpiVeuTMvd0TJui7ppXRsn3jJUp35W,customer,customer,31234368,2020-04-14
Bjorn,$2b$12$1PUqoW12puJ0d6heSFm2w.zEWO2xdnAfMfP1GN1vn2/MZwMKTtGP2,customer,customer,31357824,2020-04-14
Ignacio,$2b$12$if1b2NUOuMus6RIHBpwO5uOQhf5qJd0CwYXT1u8f3Ij8B371oGuZS,customer,customer,31481280,2020-04-14
Rocky,$2b$12$S0s0VACPtCRZp2ecIrUFj.DtaNQ4624YBnGtY4JdcppIKWqf9bMM.,customer,customer,31604736,2020-04-14
Chad,$2b$12$6F2t9PcjzTHzazrFWxP0iuQwZDHwX.ygXs9Xj9X8OuokOSmM/g9Ky,customer,customer,31728192,2020-04-14
Gatlin,$2b$12$iN0cO3JL7rzezYFaWVThfeU/vmp89vrVBIhrwt2BlRAkLEHH9VGzC,customer,customer,31851648,2020-04-14
Greysen,$2b$12$eBUj7la2vCYm6CniueR4LuYMEo1CvuYSJhYLOvzTlMoZTlq/1IJKS,customer,customer,31975104,2020-04-14
Kyng,$2b$12$odeDW9UUXuHZxB3wJViaUetpnFyZYyLGbf3MW0i7KvtuOTGM50Muu,customer,customer,32098560,2020-04-14
Randall,$2b$12$J.5K6BKfRvIBQgBkNHOTdup.kEpFyKPLCMVhBRIt2rfBFoTx4q2OC,customer,customer,32222016,2020-04-14
Reign,$2b$12$t0ke/AweLhei6o5WBQLag.Ca..XamEysDIwaumxQ6SFtKv8aPg4Dm,customer,customer,32345472,2020-04-14
Vaughn,$2b$12$.xUEQ4LDi3r1UFkZ8IUkFOHjBDIXhL.noCOJQvvOxRwAlw6XkHuGa,customer,customer,32468928,2020-04-14
Jessie,$2b$12$Pb7vShPRlk5v3Bk7K5aexOPr2g7J7IK2L8F/ZImgYS8m..9IJYahq,customer,customer,32592384,2020-04-14
Louie,$2b$12$H2qIHqoW.QEsnduTHPWBWOWjhixvKApPgDL2StWla8aEYcMyxlx4u,customer,customer,32715840,2020-04-14
Shmuel,$2b$12$/G3mlzH.0I2DcUFl4MXy/uGRCSjF.fYImiTimqQyMQEMrwsusa1Pi,customer,customer,32839296,2020-04-14
Zahir,$2b$12$sJqSWK2ENJsnUaRueIp1re0LgiBBfYPTaOI/kwYMYTVPXuhvAMjcm,customer,customer,32962752,2020-04-14
Ernest,$2b$12$9Igk3B3L./KnazGQvJSCD.WUm8br9q1zpFcV828qlADDEBXmW9fUO,customer,customer,33086208,2020-04-14
Javon,$2b$12$oXHXqG7PNtvoEuoY0szbku2L4uiedJtCZhRz7385doOFY.nzuomA.,customer,customer,33209664,2020-04-14
Khari,$2b$12$IFvAvrtTdlF424If0DOvx.eV6m1qoOnSMIqVlAuiYovRPqg3ieWEi,customer,customer,33333120,2020-04-14
Reagann,$2b$12$h9NOst1DMTIng3PyTkMlJ.nctxiFt1/jXkSxJFcOMzbvpI7lvDi1C,customer,customer,33456576,2020-04-14
Avi,$2b$12$2dJCFp66rwsntnODqCdc0efdwLgjiogKGgIu4ebsox9RIRTzsmh5S,customer,customer,33580032,2020-04-14
Ira,$2b$12$764Wlr.7EtWXBJIzjaV0cOA4hnoFv5h5dqeXppMV0xPTJA9Wru2hC,customer,customer,33703488,2020-04-14
Ledger,$2b$12$WG7HoZNKDuRqebn8Z49khOyn9c0H/nOqa0cvExvpEx.A12G7J5dhC,customer,customer,33826944,2020-04-14
Simeon,$2b$12$WkJbHrJtN0gmW49BW7ZD.uM0RaB1808Sb/K53X/RKZ3R39sbPf37G,customer,customer,33950400,2020-04-14
Yadiel,$2b$12$xTvBsQEvbIFJztglxlTBcukA/aEQ8e2iWdVYMoM44AhUVgOjVMDxi,customer,customer,34073856,2020-04-14
Maddux,$2b$12$j/imWIYwBWnxYRQOz.4nseRvBkqYE3MxChXbqd1yBdvuLiCjuqzxi,customer,customer,34197312,2020-04-14
Seamus,$2b$12$kxdsOzCSID9ddf/5jEHxkeJh64PwPJlGwiZT5dK33e4pMDK0VrGme,customer,customer,34320768,2020-04-14
Jad,$2b$12$BF/z2rB6LePgxccg9RJbFO97a4J9Ud6OHoO7aJZ/8xBOL02qwCxgW,customer,customer,34444224,2020-04-14
Jeremias,$2b$12$ruqOYrFfLZDxkjn1qWA6eeFeEIj.H6FY6UhJkWngViKg9macXpB8S,customer,customer,34567680,2020-04-14
Kylen,$2b$12$HFTmL9RXvaWsazCA0xdgkuJpwr.RB3jhGiykhmLwzSyDZbTjyE7Am,customer,customer,34691136,2020-04-14
Rashad,$2b$12$oLHO83pfEt2UIEMTMSMnJeyhhjULoQbbaaGW4wLn0J0.KOm508lTm,customer,customer,34814592,2020-04-14
Santos,$2b$12$FEwOdhWgcLqu/S8g6ZMqVu6eVYkGQ7cxfeBDN3ER3e8t9s8Z7kWpe,customer,customer,34938048,2020-04-14
Cedric,$2b$12$LJpLa/8uaMJTQz4uudvzKuSHhN.QN30bKwgK1k4WR42f2WtIaaHBe,customer,customer,35061504,2020-04-14
Craig,$2b$12$xaSTG7XSl2y8vH.VC.zWterpsVDhWxsHnqSa/ZCJI4Y86jkxHgQua,customer,customer,35184960,2020-04-14
Dominique,$2b$12$vtpKIA7beZz5J1zySASzBONolfLBXMHMhmukFVtQIEvfCZMXnkkTy,customer,customer,35308416,2020-04-14
Gianluca,$2b$12$oxKomq3zswvR5K.m6Xozce.B2DtIBmZjeS4Xdr4eCfVsYXDvw29Iu,customer,customer,35431872,2020-04-14
Jovanni,$2b$12$bzmmTNH7zMd6TlEQN73GgeUbfiI.IGgSNFjxcCdZRu12edOBIp.US,customer,customer,35555328,2020-04-14
Bishop,$2b$12$52pUVQlYl9uFM7JTcitneO22vECrkz8.Gm7lviqlP7zjDgPalR7Tq,customer,customer,35678784,2020-04-14
Brenden,$2b$12$UINUXLJWnsvtdxzM1FrYTeHRkKnkjKplVv1iBKjpDxXSQ2YmCYVZy,customer,customer,35802240,2020-04-14
Anton,$2b$12$3cx8DrwxKewYvsqTngd/fuIN7/WyohV8KJ1yTjUrYUddSnhbYbH.C,customer,customer,35925696,2020-04-14
Camron,$2b$12$r1lmzaf5YBj/J6DBIf9JB.g.4mNxdZKrwJKtLd6NdiLaTJgZhFVIe,customer,customer,36049152,2020-04-14
Giancarlo,$2b$12$KNtlTlfRmAX8ihc9nLdATek0aYppFfxc..xLVv2naZ2PxH8RapTxm,customer,customer,36172608,2020-04-14
Lyle,$2b$12$L5fblOo3lsuMlZARSPmBNuZJ/xEppNI5wlKWWkwuwaIlOzaNQSBPq,customer,customer,36296064,2020-04-14
Alaric,$2b$12$mbfCbDeKTB1V/lIwBZZmde5kdAISYQVVezkcEPYTlfFxLbKRD8MEW,customer,customer,36419520,2020-04-14
Decker,$2b$12$.3/Aw9.yejG/pwQP1KzSFO2BIDcS8iPh61AskxQSJwT58d4pJQWVK,customer,customer,36542976,2020-04-14
Eliezer,$2b$12$woZojwI0FD..7oQ6EFcbQ.6Qb6jm8n1XR.8R6Oxx8n0z0tsl4u.Ri,customer,customer,36666432,2020-04-14
Ramiro,$2b$12$r/h2uB.Ldj7oY.KLQne6cubdt7azbx5ixV2F/JxmzONMXAIMjt0hW,customer,customer,36789888,2020-04-14
Yisroel,$2b$12$xK8oLU9o2RAeAj7B8BIG3esHfB05YwMRD91I1GjMXQWbFMdg.PENi,customer,customer,36913344,2020-04-14
Howard,$2b$12$hkLt2iYPBXs.2FPMbzvhyubEWUyTEfnb40mObEOZKUKkmGX1SVA/e,customer,customer,37036800,2020-04-14