rname, minSpending
Eldon Drive In,8
Gyros Kings,10
Jimmy John's,10
KFC - Kentucky Fried Chicken,6
Car's Late Night Delivery,3
McDonalds @ Old Atlanta,6
Omega Drive-In,3
Popeye's Louisiana Kitchen,6
Sheetz,9
Kam's Chop Suey,1
Elevation Burger,1
Burger King,1
Taco Bell/Pizza Hut Express,3
Braum's,3
Lee's Famous Recipe Chicken,1
Greek Oven Pizza and Wings,6
Rallys,10
In-A-Tub,8
Long John Silver's,7
Mcdonald's - Walmart,10
Wu's Fine Chinese Cuisine,8
Toppers Pizza,5
McLaren's Pantry,8
Famous Dave's,2
Pizza Factory,6
Chick-Fil-A,3
Pizza Primetime,7
b.good,3
Goodcents Deli Fresh Subs,10
Portillo's,1
Chickenow,8
Ziti's Italian Express,5
Exxon,4
McDonald's of Mililani Mauka,4
Jersey Mike's Subs,8
Music City Subs,3
Blondies,7
Skyline Chili,7
Sonic Drive-in (trailer),9
Mazatlan Mexican Restaurant,7
Dairy Cheer,8
Taco Casa,8
Subway - Roland Park,2
Sbarro,3
Steak N Shake,9
Amigos/Kings Classic,10
Carl's Jr.,4
Rush's,3
Great Steak And Potato Co,2
Tubby's Grilled Submarines,1
Arby's Antigo,3
St Louis Original Hamburgers,1
Popeye's Chicken & Biscuits,2
Taqueria,1
Rapid Ray's,5
Lee's Oriental Martial Arts,7
Lenny's Sub Shop,3
Lion's Choice,3
Dunkin Donuts,2
BLIMPIE,7
Saladworks,8
Hermosa,5
Checker's Hamburgers,3
BGR - The Burger Joint,5
Baskin-Robbins,5
Long John Silver's / A&W,9
Papa John's Pizza,8
Kennedy Fried Chicken & Pizza,9
Pizza Hut Wingstreet,3
El Paragua Restaurant,10
Sonic Drive In,8
A&W All-American Food,9
Yoshinoya,9
Tom & Jerry's,3
B K,7
Backyard Burgers,8
A&W All-American Foods,1
Cody's Cafe,9
Flip Burger Bar,4
Carl's Jr,8
KFC / A&W,6
Pacific Rim,7
Hungry Andy's,6
DQ Grill & Chill,9
Taco Time,3
Blimpie Subs & Sandwiches,4
Fazoli's,1
Bob Evans,1
Woody's Sloppy Dogs,2
Redbox,9
Chick-fil-a Truett's Luau,7
Hardee's,8
Carl's Jr. / Green Burrito,2
Carls Jr,6
Topper's Pizza,1
Papa Johns Pizza,6
Carl's Jr - Green Burrito,4
The Pizza Pipe Line,10
Subway - Bell's Ferry,7
Little Caesars Pizza,1
Taco Bell,3
Sunrise Cafe,4
Einstein Bros Bagels,9
Ball State Lafollette Dining,4
Bob Evans Restaurant,5
Church's Chicken,6
George's Gyros Spot,1
Red Robin Gourmet Burgers,4
Twisters,3
The Pita Pit,6
JCW's,6
Wendy's,2
Tom's Grill,8
Cusinera,5
Windmill Gourmet Fast Foods,6
Regal Cinemas Tikahtnu  16 IMAX & RPX,4
Froots,3
Teddy's Bigger Burgers,5
L&l Hawaiian Barbecue,3
Penguin Point,4
Petro's Chili & Chips,3
Chester's Grill,7
Kfc - Kentucky Fried Chicken,9
Everest,3
Granny's Drive-In,9
Bojangles' Famous Chicken 'n Biscuits,7
Costa Vida,2
Penn Station East Coast Subs,10
KFC / Taco Bell,4
Peking Wok,8
Smashburger,8
Subway Guitars,6
Charlie Browns,3
Food 4 Less,10
Madison Street Subs,2
Original Tracks,4
A&w Restaurant,8
Luby's,3
Arbys,8
Papa John's,9
Fitness 19,3
Rich's Mighty Fine Burgers Grub,10
Sammy Carry-Out,2
Baja Fresh,9
ShopRite,6
Papa Johns,8
Johnny Rockets,2
Jason's Deli,6
A & W Family Restaurant,3
Custard Hut & Pizza,2
Sonic Drive-in,7
Taco Cabana,6
Braum's Ice Cream & Dairy Store,5
El Pollo Loco,5
Fred's Store,6
Kfc,1
Siam To Go,5
Smoothie King,5
Gabby's Burgers & Fries,4
Runza,3
Eagan's Drive-In,8
Bills Place,6
Spangle's,7
Pop-A-Nugget,1
Cherry Hill Drive In Ice Cream,1
Sonic Drive in,4
Checker's Drive-in Restaurant,5
Subway,10
Moe's Original Bar B Que,9
Chick-fil-a Orange Avenue,3
Long John Silver/ A&W,8
China King,1
31st Avenue Gyro,10
Shoney's on the Go,1
Chick-fil-a Magnolia Mall,9
Papa Gino's,9
TacoTime,5
Seaside Eatery,9
Kim Lee Fast Food,2
Papa John’s Pizza,4
El Tarasco Mexican Food,2
Cook Out,1
Tasty Carryout,10
QDOBA Mexican Eats,10
Burgerville,4
Raising Cane's,10
Steak 'n Shake,1
Rally's,2
Costa Vida Fresh Mexican Grill,7
Hot Dog On A Stick,6
World Wrapps,1
Pal's Sudden Service,8
Slim Chickens,4
Roly Poly,10
Au Bon Pain,3
Pollo Campero,7
White Manna Hamburgers,6
Bush's Chicken,9
Kerby's Koney Island,8
B. Good,3
Crown Fried Chicken,2
Bb&t,8
Meatheads,6
McDonald's,4
Cafe Rio,5
Blimpie,5
Popeye's Chicken,4
Popeye's,6
Ernie's All American Burger,9
Mr Char-Burger,9
Panda Express,4
Arby's,3
Luna Corner Pizza,4
Dino's Gyros,8
Pizza Hut,6
Bad Daddys Burger Bar,10
Charley's Grilled Subs,5
DQ Woodlands,5
Don & Millie's,5
Los Verdes,3
McDonald’s,3
Mario's Natural Roman Pizza,8
Mcdonalds,1
Arctic Circle,5
Furr's,9
Dairy Queen Grill & Chill,8
Steak-out,10
Crispy Chicken & Seafood,2
Mr. Hero,3
Taco Del Mar,4
Sonic Drive-In,2
Integrated Therapy Specialists: Arnold D Larson,10
Long John Silvers,6
Schlotzsky's,7
Aw Restaurant,3
Italian Pizzeria Restaurant,3
L&L Hawaiian Barbecue,9
Checkers,7
Tudor's Biscuit World,8
Hub City Express,7
Moe's Southwest Grill,10
Fab Wings N Burgers,7
Quiznos Sub,7
Boston Market 381,4
7-11,4
Lukes on Harlem,8
Burger's Landing,4
Cookout,2
Mariu Kebabberia Gastronomica,8
Strongwater Spirits & Botanicals,9
Capriotti's Sandwich Shop,7
Popeyes Chicken and Biscuits,3
Jimmy John's Gourmet Sandwiches,7
Fresh City,2
McDonalds,6
Handy's Lunch,7
Firehouse Subs,1
Popeyes Louisiana Kitchen,3
Old Country Buffet,1
A&W Restaurant,6
Hoka Hoka Bento,6
Buds Chicken & Seafood,7
A&W,7
Jack In The Box,3
Chuck Wagon,6
Dairy Freeze,1
A&W/Long John Silvers,2
LocoL,4
Convergence Zone,7
Denton's,8
Royal Buffet,7
Hegenburgers,1
Baker's Drive Thru,9
Wings And Philly,9
Scoopers,2
Thunder Ridge Ampride,5
Chicken Express,10
Panera Bread,4
SUBWAY,1
Ama Ristorante,10
Taco Local,5
Paesano's,1
Brixton's,6
Pei Wei,1
Del Taco,10
Char-Grill,6
Tropical Smoothie Cafe,10
Cousins Subs of Green Bay - Oneida St. & Ramada Way,10
Nino's Pizza,9
Jack in the Box,6
Wetzel's Pretzels,9
Love's,7
Hardee's / Red Burrito / Dough Boys,4
Jamjam,2
City Bites,9
Rocky's,9
Hunam Garden,6
Richie's Restaurant,8
Pizza Barn,1
Chicago Union Station Food Court,7
Wingstreet,8
Rubio's Coastal Grill,6
Carl's Jr / Green Burrito,3
Rafael's,2
South-A-Philly Steaks and Hoagies,3
Garden Catering,1
Quick,5
Great Steak & Potato Co,10
name,9
Mc Donalds,1
Jimmy Johns,7
Hometown Buffet,8
Iceberg Drive Inn,7
Charlie's Chicken,7
Baja Fresh Mexican Grill,7
Ll Hawaiian Barbecue,9
Back Yard Burgers,7
Captain D's,6
Isabella's Pizzeria,9
Chicken House,3
D'angelo Grilled Sandwiches,6
Roy Rogers,10
Luxor Food Court,7
Jacks Grocery,6
Fallguys Burger Company,1
Shloma Inc,4
Pizza Express,5
Samurai Sam's,8
Taco Delight,5
Wendys,9
Auntie Anne's,10
Hamburger King,10
Cook-Out,5
Frisch's Big Boy,6
Kum & Go,5
Hardee's / Red Burrito,3
Kettle Restaurant,3
Subway Sandwiches,6
Snack Shack,9
King Grill,2
Rally's Hamburgers,1
Wings N' More Wings,5
Domino's Pizza,7
B Z Breakfast Burgers Beyond,5
Capt Crab's Take-Away,7
Tina's Carryout Restaurant,9
Sensenig Poultry LLC,10
BIG & little's Restaurant,7
Loco Moco Drive-Inn,5
J J Fish and Chicken,10
Steak Escape,9
Frugals,3
The People Connection,9
Thrasher's French Fries,10
Hardees,5
Mcdonald's,4
Culvers,4
Nick's Gyros,1
China Buddha Inn II,6
Quiznos,4
Chick-fil-a,7
Raising Cane's Chicken Fingers,7
Dan's Seafood & Chicken,8
Aprisa Mexican Cuisine,8
Blake's LotaBurger,1
Jersey Jacks Eatery,10
Milo's Hamburgers,8
Port Of Subs,1
Rancher's Roast Beef Inc.,3
Dairy Queen Grill & Chill / Orange Julius,6
Chick-fil-A,9
In-N-Out Burger,4
Pita Pit,3
Circle Drive In,3
Geno's Fast Break,2
Qdoba Mexican Grill,4
Fuku,10
D'Angelo Grilled Sandwiches,1
Dairy Queen - Round Rock,6
Stripes Store #2276,7
Kentucky Fried Chicken,7
Pete's Burgers,9
Jack's,10
Dominos Pizza,2
Hotdoks,10
Mickey's Gyros & Ribs,6
Zaxby's,10
Rally's Springfield,6
Subway Citgo of Quarryville,3
Quizno's +,9
Carl's / Green Burrito,8
Captain D's Seafood,4
Whataburger,4
Papagus Gyros,3
Comilao Lanches Bakery,6
Kings Contrivance Jewelers,6
Dewey's Pizza,8
DQ Grill & Chill / Orange Julius,4
Foster's Freeze,2
Ryan's,6
Frugal's,5
Your Healthy Habit,5
Mayfair Boardwalk Grill,8
Home Town Buffet,1
Bamboo Bistro,10
Jim Bob's Chicken Fingers,8
Nielsen's Frozen Custard,8
Kum Go,6
Bravo Tacos,10
Krystal,9
Checker's,2
Lanesplitter Pizza & Pub,4
Good Times Burgers & Frozen Custard,10
The Flame Broiler,7
Long John Silvers / A&W,5
Alice's,8
Chick-fil-a Superstition Springs Center,2
China King Restaurant,2
Zip's Hamburgers And Fish,3
Wendy Two Two Eight,3
The Great Steak & Potato Co.,1
Wienerschnitzel,8
Thrashers French Fries,1
Hot Dog on a Stick,4
Qdoba Mexican Eats,6
Flash Foods / McDonald's,2
Fosters Freeze,2
Nathan's Famous,9
Taco del Mar,10
Dairy Isle,4
Gianni's Pizza,4
Islands Restaurant,2
7-Eleven,2
Jamba Juice,5
Popeyes,6
The Honeybaked Ham Company,8
Grandy's,5
The Chicken Place,4
Blakes Lotaburger,8
The Agora,3
Taco Mayo,8
Burger Time,7
Tellers Tap Room & Kitchen,7
Crystal Restaurant,8
KFC,10
Spangles,4
Taco John's,3
SUBWAY®,4
Coop DeVille,7
Charleys Philly Steaks,3
Wingstop,9
Checkers Burgers and Fries,7
Vista Drive In,3
Kenny's Drive-In,4
Yellow Cab Pizza Co.,9
Rubio's,8
Ben & Jerry's,4
Fatburger,1
Hot Dog Heaven,2
Bobby's Burger Palace,10
Mocha Express,10
SONIC Drive In,10
Pollo Tropical,2
Maui Tacos,9
Soulfish Grill,1
Blake's Lotaburger,6
Mc Donald's,4
Yum Brands Inc,10
Chipotle Mexican Grill,2
Kasa's Pizza,10
The Biscuit Factory,8
Cypress Best,6
Burger King Salou,5
White Castle,9
Nick's Burgers,2
Breadeaux Pizza,4
Sarku Japan,7
Mr Hero,9
Waffle House,10
Sconecutter,4
Boston Chowda Company,1
Popeyes Chicken & Biscuits,6
Starbucks,7
Freddy's Steakburger,2
Travelcenters of America,3
P. Terry's,2
Omelette House,6
KFC/Taco Bell,4
Tom's Drive In,6
Pizza One,7
The Break Away Sports Cafe,1
Golden Chick,5
Culver's,5
Farmer Boys,1
Rahway Chicken & Burger Inc,3
Taco Bueno,9
Mcdonald's #25557,6
Shepard's Drive-In,9
Ny Chicken Fish,7
Jollibee,8
OMG! Rotisserie,6
Jim's Coney Island,4
Charcoal Delights,10
Little Caesar's Pizza Smithfield,4
Dq Grill & Chill,1
Cousins Subs,10
Charkies,7
The Halal Guys,7
Cinnabon,9
Northeastern State University,2
Maria's Fry Bread & Mexican Food,5
Boston Market,2
Lime Ricky World,1
Five Guys,4
SONIC Drive-In,9
Steak 'N Shake,8
Stars Drive-In,2
Gold Star Chili,5
A&W All American Food,8
Dairy Queen,6
Dunkin' Donuts,6
Jack Pirtles Chicken,1
Jolly's Drive-In,7
Ivar's Seafood Bar,9
Great Steak,3
The Press Club,1
Chris' Drive-In,1
Dawg House Grill,5
Noodles & Company,5
Round Table Pizza,9
Panda,3
Tommy's Sub Shop,6
Carls Jr. / Green Burrito,4
A&w,9
Mcalister's Deli,1
Subway Sandwiches and Salads,8
Garden Fast Food,1
Osgood's,9
Pick Up Stix,10
Port of Subs,3
Dual - Carls / Grn Burrito 1100654,6
Sonic,2
Greyhound,10
AJ's Hotdogs & Gyros,10
Subway (johnson) @ Jonesboro,2
Simmies Arirang Hill Cheese Steak,3
Shot Tower Inn,3
